Pregnancies,Glucose,BloodPressure,SkinThickness,Insulin,BMI,DiabetesPedigreeFunction,Age,Outcome,BMI_Category,Glucose_Risk,Age_Group,Pregnancy_Rate,HOMA_IR_Proxy,Metabolic_Risk_Score
6,148.0,72.0,35.0,169.5,33.6,0.627,50,1,Obese,Prediabetes,Senior,0.12,61.94074074074074,3
1,85.0,66.0,29.0,102.5,26.6,0.351,31,0,Overweight,Normal,Middle,0.03225806451612903,21.512345679012345,0
8,183.0,64.0,32.0,169.5,23.3,0.672,32,1,Normal,Prediabetes,Middle,0.25,76.58888888888889,1
1,89.0,66.0,23.0,94.0,28.1,0.167,21,0,Overweight,Normal,Young,0.047619047619047616,20.65679012345679,0
0,137.0,44.0,35.0,168.0,43.1,1.6983300000000001,33,1,Obese,Normal,Middle,0.0,56.82962962962963,1
5,116.0,74.0,27.0,102.5,25.6,0.201,30,0,Overweight,Normal,Middle,0.16666666666666666,29.358024691358025,0
3,78.0,50.0,32.0,88.0,31.0,0.248,26,1,Obese,Normal,Young,0.11538461538461539,16.94814814814815,1
10,115.0,70.0,27.0,102.5,35.3,0.134,29,0,Obese,Normal,Young,0.3448275862068966,29.104938271604937,1
2,196.0,70.0,45.0,519.9000000000012,30.5,0.158,53,1,Obese,Prediabetes,Senior,0.03773584905660377,251.60592592592653,3
8,125.0,96.0,32.0,169.5,34.3,0.232,54,1,Obese,Normal,Senior,0.14814814814814814,52.31481481481482,3
4,110.0,92.0,27.0,102.5,37.6,0.191,30,0,Obese,Normal,Middle,0.13333333333333333,27.839506172839506,2
10,168.0,74.0,32.0,169.5,38.0,0.537,34,1,Obese,Prediabetes,Middle,0.29411764705882354,70.31111111111112,2
10,139.0,80.0,27.0,102.5,27.1,1.441,57,0,Overweight,Normal,Senior,0.17543859649122806,35.17901234567901,1
1,189.0,60.0,23.0,519.9000000000012,30.1,0.398,59,1,Obese,Prediabetes,Senior,0.01694915254237288,242.6200000000006,3
5,166.0,72.0,19.0,175.0,25.8,0.587,51,1,Overweight,Prediabetes,Senior,0.09803921568627451,71.72839506172839,2
7,100.0,74.5,32.0,169.5,30.0,0.484,32,1,Obese,Normal,Middle,0.21875,41.851851851851855,1
0,118.0,84.0,47.0,230.0,45.8,0.551,31,1,Obese,Normal,Middle,0.0,67.01234567901234,1
7,107.0,74.0,32.0,169.5,29.6,0.254,31,1,Overweight,Normal,Middle,0.22580645161290322,44.78148148148148,0
1,103.0,44.0,38.0,83.0,43.3,0.183,33,0,Obese,Normal,Middle,0.030303030303030304,21.108641975308643,1
1,115.0,70.0,30.0,96.0,34.6,0.529,32,1,Obese,Normal,Middle,0.03125,27.25925925925926,1
3,126.0,88.0,41.0,235.0,39.3,0.704,27,0,Obese,Normal,Young,0.1111111111111111,73.11111111111111,2
8,99.0,84.0,27.0,102.5,35.4,0.388,50,0,Obese,Normal,Senior,0.16,25.055555555555557,2
7,196.0,90.0,32.0,169.5,39.8,0.451,41,1,Obese,Prediabetes,Middle,0.17073170731707318,82.02962962962962,3
9,119.0,80.0,35.0,169.5,29.0,0.263,29,1,Overweight,Normal,Young,0.3103448275862069,49.803703703703704,0
11,143.0,94.0,33.0,146.0,36.6,0.254,51,1,Obese,Prediabetes,Senior,0.21568627450980393,51.550617283950615,4
10,125.0,70.0,26.0,115.0,31.1,0.205,41,1,Obese,Normal,Middle,0.24390243902439024,35.49382716049383,1
7,147.0,76.0,32.0,169.5,39.4,0.257,43,1,Obese,Prediabetes,Middle,0.16279069767441862,61.522222222222226,2
1,97.0,66.0,15.0,140.0,23.2,0.487,22,0,Normal,Normal,Young,0.045454545454545456,33.53086419753087,0
13,145.0,82.0,19.0,110.0,22.2,0.245,57,0,Normal,Prediabetes,Senior,0.22807017543859648,39.382716049382715,2
5,117.0,92.0,27.0,102.5,34.1,0.337,38,0,Obese,Normal,Middle,0.13157894736842105,29.61111111111111,2
5,109.0,75.0,26.0,102.5,36.0,0.546,60,0,Obese,Normal,Senior,0.08333333333333333,27.58641975308642,2
3,158.0,76.0,36.0,245.0,31.6,0.851,28,1,Obese,Prediabetes,Young,0.10714285714285714,95.58024691358025,2
3,88.0,58.0,11.0,54.0,24.8,0.267,22,0,Normal,Normal,Young,0.13636363636363635,11.733333333333333,0
6,92.0,92.0,27.0,102.5,19.9,0.188,28,0,Normal,Normal,Young,0.21428571428571427,23.28395061728395,1
10,122.0,78.0,31.0,102.5,27.6,0.512,45,0,Overweight,Normal,Middle,0.2222222222222222,30.876543209876544,1
4,103.0,60.0,33.0,192.0,24.0,0.966,33,0,Normal,Normal,Middle,0.12121212121212122,48.82962962962963,0
11,138.0,76.0,27.0,102.5,33.2,0.42,35,0,Obese,Normal,Middle,0.3142857142857143,34.925925925925924,1
9,102.0,76.0,37.0,169.5,32.9,0.665,46,1,Obese,Normal,Middle,0.1956521739130435,42.68888888888889,2
2,90.0,68.0,42.0,169.5,38.2,0.503,27,1,Obese,Normal,Young,0.07407407407407407,37.666666666666664,1
4,111.0,72.0,47.0,207.0,37.1,1.39,56,1,Obese,Normal,Senior,0.07142857142857142,56.733333333333334,2
3,180.0,64.0,25.0,70.0,34.0,0.271,26,0,Obese,Prediabetes,Young,0.11538461538461539,31.11111111111111,2
7,133.0,84.0,27.0,102.5,40.2,0.696,37,0,Obese,Normal,Middle,0.1891891891891892,33.660493827160494,1
7,106.0,92.0,18.0,102.5,22.7,0.235,48,0,Normal,Normal,Middle,0.14583333333333334,26.82716049382716,2
9,171.0,106.0,24.0,240.0,45.4,0.721,54,1,Obese,Prediabetes,Senior,0.16666666666666666,101.33333333333333,4
7,159.0,64.0,27.0,102.5,27.4,0.294,40,0,Overweight,Prediabetes,Middle,0.175,40.24074074074074,1
0,180.0,66.0,39.0,169.5,42.0,1.6983300000000001,25,1,Obese,Prediabetes,Young,0.0,75.33333333333333,2
1,146.0,56.0,27.0,102.5,29.7,0.564,29,0,Overweight,Prediabetes,Young,0.034482758620689655,36.95061728395062,1
2,71.0,70.0,27.0,102.5,28.0,0.586,22,0,Overweight,Normal,Young,0.09090909090909091,17.969135802469136,0
7,103.0,66.0,32.0,169.5,39.1,0.344,31,1,Obese,Normal,Middle,0.22580645161290322,43.10740740740741,1
7,105.0,70.0,27.0,102.5,30.1,0.305,24,0,Obese,Normal,Young,0.2916666666666667,26.574074074074073,1
1,103.0,80.0,11.0,82.0,19.5,0.491,22,0,Normal,Normal,Young,0.045454545454545456,20.854320987654322,0
1,101.0,50.0,15.0,36.0,24.2,0.526,26,0,Normal,Normal,Young,0.038461538461538464,8.977777777777778,0
5,88.0,66.0,21.0,24.34,24.4,0.342,30,0,Normal,Normal,Middle,0.16666666666666666,5.288691358024692,0
8,176.0,90.0,34.0,300.0,33.7,0.467,58,1,Obese,Prediabetes,Senior,0.13793103448275862,130.37037037037038,4
7,150.0,66.0,42.0,342.0,34.7,0.718,42,0,Obese,Prediabetes,Middle,0.16666666666666666,126.66666666666667,2
1,73.0,50.0,10.0,102.5,23.0,0.248,21,0,Normal,Normal,Young,0.047619047619047616,18.47530864197531,0
7,187.0,68.0,39.0,304.0,37.7,0.254,41,1,Obese,Prediabetes,Middle,0.17073170731707318,140.36543209876544,2
0,100.0,88.0,51.33000000000004,110.0,46.8,0.962,31,0,Obese,Normal,Middle,0.0,27.160493827160494,2
0,146.0,82.0,27.0,102.5,40.5,1.6983300000000001,44,0,Obese,Prediabetes,Middle,0.0,36.95061728395062,2
0,105.0,64.0,41.0,142.0,41.5,0.173,22,0,Obese,Normal,Young,0.0,36.81481481481482,1
2,84.0,70.0,27.0,102.5,30.1,0.304,21,0,Obese,Normal,Young,0.09523809523809523,21.25925925925926,1
8,133.0,72.0,32.0,169.5,32.9,0.27,39,1,Obese,Normal,Middle,0.20512820512820512,55.662962962962965,1
5,67.67,62.0,27.0,102.5,25.0,0.587,36,0,Overweight,Normal,Middle,0.1388888888888889,17.12635802469136,0
2,141.0,58.0,34.0,128.0,25.4,0.699,24,0,Overweight,Prediabetes,Young,0.08333333333333333,44.56296296296296,1
7,114.0,66.0,32.0,169.5,32.8,0.258,42,1,Obese,Normal,Middle,0.16666666666666666,47.71111111111111,1
5,99.0,74.0,27.0,102.5,29.0,0.203,32,0,Overweight,Normal,Middle,0.15625,25.055555555555557,0
0,109.0,88.0,30.0,169.5,32.5,0.855,38,1,Obese,Normal,Middle,0.0,45.61851851851852,2
2,109.0,92.0,27.0,102.5,42.7,0.845,54,0,Obese,Normal,Senior,0.037037037037037035,27.58641975308642,3
1,95.0,66.0,13.0,38.0,19.6,0.334,25,0,Normal,Normal,Young,0.04,8.91358024691358,0
4,146.0,85.0,27.0,100.0,28.9,0.189,27,0,Overweight,Prediabetes,Young,0.14814814814814814,36.04938271604938,2
2,100.0,66.0,20.0,90.0,32.9,0.867,28,1,Obese,Normal,Young,0.07142857142857142,22.22222222222222,1
5,139.0,64.0,35.0,140.0,28.6,0.411,26,0,Overweight,Normal,Young,0.19230769230769232,48.04938271604938,0
13,126.0,90.0,32.0,169.5,43.4,0.583,42,1,Obese,Normal,Middle,0.30952380952380953,52.733333333333334,2
4,129.0,86.0,20.0,270.0,35.1,0.231,23,0,Obese,Normal,Young,0.17391304347826086,86.0,2
1,79.0,75.0,30.0,102.5,32.0,0.396,22,0,Obese,Normal,Young,0.045454545454545456,19.993827160493826,1
1,107.0,48.0,20.0,102.5,24.7,0.14,22,0,Normal,Normal,Young,0.045454545454545456,27.080246913580247,0
7,67.67,78.0,27.0,102.5,32.6,0.391,41,0,Obese,Normal,Middle,0.17073170731707318,17.12635802469136,1
5,95.0,72.0,33.0,102.5,37.7,0.37,27,0,Obese,Normal,Young,0.18518518518518517,24.04320987654321,1
0,131.0,74.5,32.0,169.5,43.2,0.27,26,1,Obese,Normal,Young,0.0,54.82592592592592,1
2,112.0,66.0,22.0,102.5,25.0,0.307,24,0,Overweight,Normal,Young,0.08333333333333333,28.34567901234568,0
3,113.0,44.0,13.0,102.5,22.4,0.14,22,0,Normal,Normal,Young,0.13636363636363635,28.598765432098766,0
2,74.0,70.0,27.0,102.5,30.1,0.102,22,0,Obese,Normal,Young,0.09090909090909091,18.728395061728396,1
7,83.0,78.0,26.0,71.0,29.3,0.767,36,0,Overweight,Normal,Middle,0.19444444444444445,14.550617283950617,0
0,101.0,65.0,28.0,102.5,24.6,0.237,22,0,Normal,Normal,Young,0.0,25.561728395061728,0
5,137.0,106.0,32.0,169.5,48.8,0.227,37,1,Obese,Normal,Middle,0.13513513513513514,57.337037037037035,2
2,110.0,74.0,29.0,125.0,32.4,0.698,27,0,Obese,Normal,Young,0.07407407407407407,33.95061728395062,1
13,106.0,72.0,51.33000000000004,102.5,36.6,0.178,45,0,Obese,Normal,Middle,0.28888888888888886,26.82716049382716,2
2,100.0,68.0,25.0,71.0,38.5,0.324,26,0,Obese,Normal,Young,0.07692307692307693,17.530864197530864,1
15,136.0,70.0,32.0,110.0,37.1,0.153,43,1,Obese,Normal,Middle,0.3488372093023256,36.93827160493827,1
1,107.0,68.0,19.0,102.5,26.5,0.165,24,0,Overweight,Normal,Young,0.041666666666666664,27.080246913580247,0
1,80.0,55.0,27.0,102.5,19.5,0.258,21,0,Normal,Normal,Young,0.047619047619047616,20.246913580246915,0
4,123.0,80.0,15.0,176.0,32.0,0.443,34,0,Obese,Normal,Middle,0.11764705882352941,53.45185185185185,1
7,81.0,78.0,40.0,48.0,46.7,0.261,42,0,Obese,Normal,Middle,0.16666666666666666,9.6,1
4,134.0,72.0,32.0,169.5,23.8,0.277,60,1,Normal,Normal,Senior,0.06666666666666667,56.08148148148148,1
2,142.0,82.0,18.0,64.0,24.7,0.761,21,0,Normal,Prediabetes,Young,0.09523809523809523,22.439506172839508,1
6,144.0,72.0,27.0,228.0,33.9,0.255,40,0,Obese,Prediabetes,Middle,0.15,81.06666666666666,2
2,92.0,62.0,28.0,102.5,31.6,0.13,24,0,Obese,Normal,Young,0.08333333333333333,23.28395061728395,1
1,71.0,48.0,18.0,76.0,20.4,0.323,22,0,Normal,Normal,Young,0.045454545454545456,13.323456790123457,0
6,93.0,50.0,30.0,64.0,28.7,0.356,23,0,Overweight,Normal,Young,0.2608695652173913,14.696296296296296,0
1,122.0,90.0,51.0,220.0,49.7,0.325,31,1,Obese,Normal,Middle,0.03225806451612903,66.27160493827161,2
1,163.0,72.0,32.0,169.5,39.0,1.222,33,1,Obese,Prediabetes,Middle,0.030303030303030304,68.21851851851852,2
1,151.0,60.0,27.0,102.5,26.1,0.179,22,0,Overweight,Prediabetes,Young,0.045454545454545456,38.21604938271605,1
0,125.0,96.0,27.0,102.5,22.5,0.262,21,0,Normal,Normal,Young,0.0,31.635802469135804,1
1,81.0,72.0,18.0,40.0,26.6,0.283,24,0,Overweight,Normal,Young,0.041666666666666664,8.0,0
2,85.0,65.0,27.0,102.5,39.6,0.93,27,0,Obese,Normal,Young,0.07407407407407407,21.512345679012345,1
1,126.0,56.0,29.0,152.0,28.7,0.801,21,0,Overweight,Normal,Young,0.047619047619047616,47.28888888888889,0
1,96.0,106.0,27.0,102.5,22.4,0.207,27,0,Normal,Normal,Young,0.037037037037037035,24.296296296296298,1
4,144.0,58.0,28.0,140.0,29.5,0.287,37,0,Overweight,Prediabetes,Middle,0.10810810810810811,49.77777777777778,1
3,83.0,58.0,31.0,24.34,34.3,0.336,25,0,Obese,Normal,Young,0.12,4.9881975308641975,1
0,95.0,85.0,25.0,36.0,37.4,0.247,24,1,Obese,Normal,Young,0.0,8.444444444444445,2
3,171.0,72.0,33.0,135.0,33.3,0.199,24,1,Obese,Prediabetes,Young,0.125,57.0,2
8,155.0,62.0,26.0,495.0,34.0,0.543,46,1,Obese,Prediabetes,Middle,0.17391304347826086,189.44444444444446,3
1,89.0,76.0,34.0,37.0,31.2,0.192,23,0,Obese,Normal,Young,0.043478260869565216,8.130864197530864,1
4,76.0,62.0,27.0,102.5,34.0,0.391,25,0,Obese,Normal,Young,0.16,19.234567901234566,1
7,160.0,54.0,32.0,175.0,30.5,0.588,39,1,Obese,Prediabetes,Middle,0.1794871794871795,69.1358024691358,2
4,146.0,92.0,32.0,169.5,31.2,0.539,61,1,Obese,Prediabetes,Senior,0.06557377049180328,61.1037037037037,4
5,124.0,74.0,32.0,169.5,34.0,0.22,38,1,Obese,Normal,Middle,0.13157894736842105,51.8962962962963,1
5,78.0,48.0,27.0,102.5,33.7,0.654,25,0,Obese,Normal,Young,0.2,19.74074074074074,1
4,97.0,60.0,23.0,102.5,28.2,0.443,22,0,Overweight,Normal,Young,0.18181818181818182,24.549382716049383,0
4,99.0,76.0,15.0,51.0,23.2,0.223,21,0,Normal,Normal,Young,0.19047619047619047,12.466666666666667,0
0,162.0,76.0,51.33000000000004,100.0,50.75900000000009,0.759,25,1,Obese,Prediabetes,Young,0.0,40.0,2
6,111.0,64.0,39.0,102.5,34.2,0.26,24,0,Obese,Normal,Young,0.25,28.09259259259259,1
2,107.0,74.0,30.0,100.0,33.6,0.404,23,0,Obese,Normal,Young,0.08695652173913043,26.419753086419753,1
5,132.0,80.0,27.0,102.5,26.8,0.186,67,0,Overweight,Normal,Senior,0.07462686567164178,33.407407407407405,1
0,113.0,76.0,32.0,169.5,33.3,0.278,23,1,Obese,Normal,Young,0.0,47.29259259259259,1
1,88.0,44.0,42.0,99.0,50.75900000000009,0.496,26,1,Obese,Normal,Young,0.038461538461538464,21.511111111111113,1
3,120.0,70.0,30.0,135.0,42.9,0.452,30,0,Obese,Normal,Middle,0.1,40.0,1
1,118.0,58.0,36.0,94.0,33.3,0.261,23,0,Obese,Normal,Young,0.043478260869565216,27.387654320987654,1
1,117.0,88.0,24.0,145.0,34.5,0.403,40,1,Obese,Normal,Middle,0.025,41.888888888888886,2
0,105.0,84.0,32.0,169.5,27.9,0.741,62,1,Overweight,Normal,Senior,0.0,43.94444444444444,1
4,173.0,70.0,14.0,168.0,29.7,0.361,33,1,Overweight,Prediabetes,Middle,0.12121212121212122,71.76296296296296,1
9,122.0,56.0,32.0,169.5,33.3,1.114,33,1,Obese,Normal,Middle,0.2727272727272727,51.05925925925926,1
3,170.0,64.0,37.0,225.0,34.5,0.356,30,1,Obese,Prediabetes,Middle,0.1,94.44444444444444,2
8,84.0,74.0,31.0,102.5,38.3,0.457,39,0,Obese,Normal,Middle,0.20512820512820512,21.25925925925926,1
2,96.0,68.0,13.0,49.0,21.1,0.647,26,0,Normal,Normal,Young,0.07692307692307693,11.614814814814816,0
2,125.0,60.0,20.0,140.0,33.8,0.09468,31,0,Obese,Normal,Middle,0.06451612903225806,43.20987654320987,1
0,100.0,70.0,26.0,50.0,30.8,0.597,21,0,Obese,Normal,Young,0.0,12.345679012345679,1
0,93.0,60.0,25.0,92.0,28.7,0.532,22,0,Overweight,Normal,Young,0.0,21.125925925925927,0
0,129.0,80.0,27.0,102.5,31.2,0.703,29,0,Obese,Normal,Young,0.0,32.648148148148145,1
5,105.0,72.0,29.0,325.0,36.9,0.159,28,0,Obese,Normal,Young,0.17857142857142858,84.25925925925925,1
3,128.0,78.0,27.0,102.5,21.1,0.268,55,0,Normal,Normal,Senior,0.05454545454545454,32.39506172839506,1
5,106.0,82.0,30.0,102.5,39.5,0.286,38,0,Obese,Normal,Middle,0.13157894736842105,26.82716049382716,1
2,108.0,52.0,26.0,63.0,32.5,0.318,22,0,Obese,Normal,Young,0.09090909090909091,16.8,1
10,108.0,66.0,32.0,169.5,32.4,0.272,42,1,Obese,Normal,Middle,0.23809523809523808,45.2,1
4,154.0,62.0,31.0,284.0,32.8,0.237,23,0,Obese,Prediabetes,Young,0.17391304347826086,107.99012345679013,2
0,102.0,75.0,23.0,102.5,30.1,0.572,21,0,Obese,Normal,Young,0.0,25.814814814814813,1
9,67.67,80.0,37.0,102.5,32.8,0.096,41,0,Obese,Normal,Middle,0.21951219512195122,17.12635802469136,1
2,106.0,64.0,35.0,119.0,30.5,1.4,34,0,Obese,Normal,Middle,0.058823529411764705,31.145679012345678,1
5,147.0,78.0,27.0,102.5,33.7,0.218,65,0,Obese,Prediabetes,Senior,0.07692307692307693,37.2037037037037,3
2,90.0,70.0,17.0,102.5,27.3,0.09468,22,0,Overweight,Normal,Young,0.09090909090909091,22.77777777777778,0
1,136.0,74.0,50.0,204.0,37.4,0.399,24,0,Obese,Normal,Young,0.041666666666666664,68.5037037037037,1
4,114.0,65.0,27.0,102.5,21.9,0.432,37,0,Normal,Normal,Middle,0.10810810810810811,28.85185185185185,0
9,156.0,86.0,28.0,155.0,34.3,1.189,42,1,Obese,Prediabetes,Middle,0.21428571428571427,59.7037037037037,3
1,153.0,82.0,42.0,485.0,40.6,0.687,23,0,Obese,Prediabetes,Young,0.043478260869565216,183.22222222222223,2
8,188.0,78.0,32.0,169.5,47.9,0.137,43,1,Obese,Prediabetes,Middle,0.18604651162790697,78.68148148148148,2
7,152.0,88.0,44.0,169.5,50.0,0.337,36,1,Obese,Prediabetes,Middle,0.19444444444444445,63.614814814814814,3
2,99.0,52.0,15.0,94.0,24.6,0.637,21,0,Normal,Normal,Young,0.09523809523809523,22.977777777777778,0
1,109.0,56.0,21.0,135.0,25.2,0.833,23,0,Overweight,Normal,Young,0.043478260869565216,36.333333333333336,0
2,88.0,74.0,19.0,53.0,29.0,0.229,22,0,Overweight,Normal,Young,0.09090909090909091,11.51604938271605,0
17,163.0,72.0,41.0,114.0,40.9,0.817,47,1,Obese,Prediabetes,Middle,0.3617021276595745,45.88148148148148,3
4,151.0,90.0,38.0,102.5,29.7,0.294,36,0,Overweight,Prediabetes,Middle,0.1111111111111111,38.21604938271605,2
7,102.0,74.0,40.0,105.0,37.2,0.204,45,0,Obese,Normal,Middle,0.15555555555555556,26.444444444444443,2
0,114.0,80.0,34.0,285.0,44.2,0.167,27,0,Obese,Normal,Young,0.0,80.22222222222223,1
2,100.0,64.0,23.0,102.5,29.7,0.368,21,0,Overweight,Normal,Young,0.09523809523809523,25.308641975308642,0
0,131.0,88.0,32.0,169.5,31.6,0.743,32,1,Obese,Normal,Middle,0.0,54.82592592592592,2
6,104.0,74.0,18.0,156.0,29.9,0.722,41,1,Overweight,Normal,Middle,0.14634146341463414,40.05925925925926,0
3,148.0,66.0,25.0,102.5,32.5,0.256,22,0,Obese,Prediabetes,Young,0.13636363636363635,37.45679012345679,2
4,120.0,68.0,27.0,102.5,29.6,0.709,34,0,Overweight,Normal,Middle,0.11764705882352941,30.37037037037037,0
4,110.0,66.0,27.0,102.5,31.9,0.471,29,0,Obese,Normal,Young,0.13793103448275862,27.839506172839506,1
3,111.0,90.0,12.0,78.0,28.4,0.495,29,0,Overweight,Normal,Young,0.10344827586206896,21.377777777777776,1
6,102.0,82.0,32.0,169.5,30.8,0.18,36,1,Obese,Normal,Middle,0.16666666666666666,42.68888888888889,1
6,134.0,70.0,23.0,130.0,35.4,0.542,29,1,Obese,Normal,Young,0.20689655172413793,43.01234567901235,1
2,87.0,70.0,23.0,102.5,28.9,0.773,25,0,Overweight,Normal,Young,0.08,22.01851851851852,0
1,79.0,60.0,42.0,48.0,43.5,0.678,23,0,Obese,Normal,Young,0.043478260869565216,9.362962962962962,1
2,75.0,64.0,24.0,55.0,29.7,0.37,33,0,Overweight,Normal,Middle,0.06060606060606061,10.185185185185185,0
8,179.0,72.0,42.0,130.0,32.7,0.719,36,1,Obese,Prediabetes,Middle,0.2222222222222222,57.45679012345679,2
6,85.0,78.0,27.0,102.5,31.2,0.382,42,0,Obese,Normal,Middle,0.14285714285714285,21.512345679012345,1
0,129.0,106.0,46.0,130.0,50.75900000000009,0.319,26,1,Obese,Normal,Young,0.0,41.407407407407405,2
5,143.0,78.0,27.0,102.5,45.0,0.19,47,0,Obese,Prediabetes,Middle,0.10638297872340426,36.19135802469136,3
5,130.0,82.0,32.0,169.5,39.1,0.956,37,1,Obese,Normal,Middle,0.13513513513513514,54.407407407407405,1
6,87.0,80.0,27.0,102.5,23.2,0.09468,32,0,Normal,Normal,Middle,0.1875,22.01851851851852,0
0,119.0,64.0,18.0,92.0,34.9,0.725,23,0,Obese,Normal,Young,0.0,27.0320987654321,1
1,107.0,74.0,20.0,24.34,27.7,0.299,21,0,Overweight,Normal,Young,0.047619047619047616,6.430567901234568,0
5,73.0,60.0,27.0,102.5,26.8,0.268,27,0,Overweight,Normal,Young,0.18518518518518517,18.47530864197531,0
4,141.0,74.0,27.0,102.5,27.6,0.244,40,0,Overweight,Prediabetes,Middle,0.1,35.68518518518518,1
7,194.0,68.0,28.0,169.5,35.9,0.745,41,1,Obese,Prediabetes,Middle,0.17073170731707318,81.19259259259259,2
8,181.0,68.0,36.0,495.0,30.1,0.615,60,1,Obese,Prediabetes,Senior,0.13333333333333333,221.22222222222223,3
1,128.0,98.0,41.0,58.0,32.0,1.321,33,1,Obese,Normal,Middle,0.030303030303030304,18.330864197530865,2
8,109.0,76.0,39.0,114.0,27.9,0.64,31,1,Overweight,Normal,Middle,0.25806451612903225,30.68148148148148,0
5,139.0,80.0,35.0,160.0,31.6,0.361,25,1,Obese,Normal,Young,0.2,54.91358024691358,1
3,111.0,62.0,27.0,102.5,22.6,0.142,21,0,Normal,Normal,Young,0.14285714285714285,28.09259259259259,0
9,123.0,70.0,44.0,94.0,33.1,0.374,40,0,Obese,Normal,Middle,0.225,28.548148148148147,1
7,159.0,66.0,32.0,169.5,30.4,0.383,36,1,Obese,Prediabetes,Middle,0.19444444444444445,66.54444444444445,2
11,135.0,74.5,32.0,169.5,50.75900000000009,0.578,40,1,Obese,Normal,Middle,0.275,56.5,1
8,85.0,55.0,20.0,102.5,24.4,0.136,42,0,Normal,Normal,Middle,0.19047619047619047,21.512345679012345,0
5,158.0,84.0,41.0,210.0,39.4,0.395,29,1,Obese,Prediabetes,Young,0.1724137931034483,81.92592592592592,2
1,105.0,58.0,27.0,102.5,24.3,0.187,21,0,Normal,Normal,Young,0.047619047619047616,26.574074074074073,0
3,107.0,62.0,13.0,48.0,22.9,0.678,23,1,Normal,Normal,Young,0.13043478260869565,12.681481481481482,0
4,109.0,64.0,44.0,99.0,34.8,0.905,26,1,Obese,Normal,Young,0.15384615384615385,26.644444444444446,1
4,148.0,60.0,27.0,318.0,30.9,0.15,29,1,Obese,Prediabetes,Young,0.13793103448275862,116.2074074074074,2
0,113.0,80.0,16.0,102.5,31.0,0.874,21,0,Obese,Normal,Young,0.0,28.598765432098766,1
1,138.0,82.0,27.0,102.5,40.1,0.236,28,0,Obese,Normal,Young,0.03571428571428571,34.925925925925924,1
0,108.0,68.0,20.0,102.5,27.3,0.787,32,0,Overweight,Normal,Middle,0.0,27.333333333333332,0
2,99.0,70.0,16.0,44.0,20.4,0.235,27,0,Normal,Normal,Young,0.07407407407407407,10.755555555555556,0
6,103.0,72.0,32.0,190.0,37.7,0.324,55,0,Obese,Normal,Senior,0.10909090909090909,48.32098765432099,2
5,111.0,72.0,28.0,102.5,23.9,0.407,27,0,Normal,Normal,Young,0.18518518518518517,28.09259259259259,0
8,196.0,76.0,29.0,280.0,37.5,0.605,57,1,Obese,Prediabetes,Senior,0.14035087719298245,135.50617283950618,3
5,162.0,104.0,32.0,169.5,37.7,0.151,52,1,Obese,Prediabetes,Senior,0.09615384615384616,67.8,4
1,96.0,64.0,27.0,87.0,33.2,0.289,21,0,Obese,Normal,Young,0.047619047619047616,20.622222222222224,1
7,184.0,84.0,33.0,169.5,35.5,0.355,41,1,Obese,Prediabetes,Middle,0.17073170731707318,77.00740740740741,2
2,81.0,60.0,22.0,102.5,27.7,0.29,25,0,Overweight,Normal,Young,0.08,20.5,0
0,147.0,85.0,51.33000000000004,102.5,42.8,0.375,24,0,Obese,Prediabetes,Young,0.0,37.2037037037037,3
7,179.0,95.0,31.0,102.5,34.2,0.164,60,0,Obese,Prediabetes,Senior,0.11666666666666667,45.30246913580247,4
0,140.0,65.0,26.0,130.0,42.6,0.431,24,1,Obese,Prediabetes,Young,0.0,44.93827160493827,2
9,112.0,82.0,32.0,175.0,34.2,0.26,36,1,Obese,Normal,Middle,0.25,48.39506172839506,1
12,151.0,70.0,40.0,271.0,41.8,0.742,38,1,Obese,Prediabetes,Middle,0.3157894736842105,101.03950617283951,2
5,109.0,62.0,41.0,129.0,35.8,0.514,25,1,Obese,Normal,Young,0.2,34.71851851851852,1
6,125.0,68.0,30.0,120.0,30.0,0.464,32,0,Obese,Normal,Middle,0.1875,37.03703703703704,1
5,85.0,74.0,22.0,169.5,29.0,1.224,32,1,Overweight,Normal,Middle,0.15625,35.574074074074076,0
5,112.0,66.0,32.0,169.5,37.8,0.261,41,1,Obese,Normal,Middle,0.12195121951219512,46.87407407407407,1
0,177.0,60.0,29.0,478.0,34.6,1.072,21,1,Obese,Prediabetes,Young,0.0,208.9037037037037,2
2,158.0,90.0,32.0,169.5,31.6,0.805,66,1,Obese,Prediabetes,Senior,0.030303030303030304,66.12592592592593,4
7,119.0,70.0,27.0,102.5,25.2,0.209,37,0,Overweight,Normal,Middle,0.1891891891891892,30.117283950617285,0
7,142.0,60.0,33.0,190.0,28.8,0.687,61,0,Overweight,Prediabetes,Senior,0.11475409836065574,66.61728395061728,2
1,100.0,66.0,15.0,56.0,23.6,0.666,26,0,Normal,Normal,Young,0.038461538461538464,13.82716049382716,0
1,87.0,78.0,27.0,32.0,34.6,0.101,22,0,Obese,Normal,Young,0.045454545454545456,6.874074074074074,1
0,101.0,76.0,27.0,102.5,35.7,0.198,26,0,Obese,Normal,Young,0.0,25.561728395061728,1
3,162.0,52.0,38.0,169.5,37.2,0.652,24,1,Obese,Prediabetes,Young,0.125,67.8,2
4,196.0,70.0,39.0,519.9000000000012,36.7,1.6983300000000001,31,0,Obese,Prediabetes,Middle,0.12903225806451613,251.60592592592653,2
0,117.0,80.0,31.0,53.0,45.2,0.09468,24,0,Obese,Normal,Young,0.0,15.311111111111112,1
4,142.0,86.0,32.0,169.5,44.0,0.645,22,1,Obese,Prediabetes,Young,0.18181818181818182,59.42962962962963,3
6,134.0,80.0,37.0,370.0,46.2,0.238,46,1,Obese,Normal,Middle,0.13043478260869565,122.41975308641975,2
1,79.0,80.0,25.0,37.0,25.4,0.583,22,0,Overweight,Normal,Young,0.045454545454545456,7.217283950617284,0
4,122.0,68.0,27.0,102.5,35.0,0.394,29,0,Obese,Normal,Young,0.13793103448275862,30.876543209876544,1
3,74.0,68.0,28.0,45.0,29.7,0.293,23,0,Overweight,Normal,Young,0.13043478260869565,8.222222222222221,0
4,171.0,72.0,32.0,169.5,43.6,0.479,26,1,Obese,Prediabetes,Young,0.15384615384615385,71.56666666666666,2
7,181.0,84.0,21.0,192.0,35.9,0.586,51,1,Obese,Prediabetes,Senior,0.13725490196078433,85.80740740740741,3
0,179.0,90.0,27.0,169.5,44.1,0.686,23,1,Obese,Prediabetes,Young,0.0,74.91481481481482,3
9,164.0,84.0,21.0,169.5,30.8,0.831,32,1,Obese,Prediabetes,Middle,0.28125,68.63703703703703,2
0,104.0,76.0,27.0,102.5,19.5,0.582,27,0,Normal,Normal,Young,0.0,26.320987654320987,0
1,91.0,64.0,24.0,102.5,29.2,0.192,21,0,Overweight,Normal,Young,0.047619047619047616,23.030864197530864,0
4,91.0,70.0,32.0,88.0,33.1,0.446,22,0,Obese,Normal,Young,0.18181818181818182,19.77283950617284,1
3,139.0,54.0,32.0,169.5,25.6,0.402,22,1,Overweight,Normal,Young,0.13636363636363635,58.17407407407408,0
6,119.0,50.0,22.0,176.0,27.1,1.318,33,1,Overweight,Normal,Middle,0.18181818181818182,51.71358024691358,0
2,146.0,76.0,35.0,194.0,38.2,0.329,29,0,Obese,Prediabetes,Young,0.06896551724137931,69.93580246913581,2
9,184.0,85.0,15.0,169.5,30.0,1.213,49,1,Obese,Prediabetes,Middle,0.1836734693877551,77.00740740740741,4
10,122.0,68.0,27.0,102.5,31.2,0.258,41,0,Obese,Normal,Middle,0.24390243902439024,30.876543209876544,1
0,165.0,90.0,33.0,519.9000000000012,50.75900000000009,0.427,23,0,Obese,Prediabetes,Young,0.0,211.81111111111161,3
9,124.0,70.0,33.0,402.0,35.4,0.282,34,0,Obese,Normal,Middle,0.2647058823529412,123.08148148148148,1
1,111.0,86.0,19.0,102.5,30.1,0.143,23,0,Obese,Normal,Young,0.043478260869565216,28.09259259259259,2
9,106.0,52.0,27.0,102.5,31.2,0.38,42,0,Obese,Normal,Middle,0.21428571428571427,26.82716049382716,1
2,129.0,84.0,27.0,102.5,28.0,0.284,27,0,Overweight,Normal,Young,0.07407407407407407,32.648148148148145,0
2,90.0,80.0,14.0,55.0,24.4,0.249,24,0,Normal,Normal,Young,0.08333333333333333,12.222222222222221,0
0,86.0,68.0,32.0,102.5,35.8,0.238,25,0,Obese,Normal,Young,0.0,21.765432098765434,1
12,92.0,62.0,10.0,258.0,27.6,0.926,44,1,Overweight,Normal,Middle,0.2727272727272727,58.60740740740741,0
1,113.0,64.0,35.0,169.5,33.6,0.543,21,1,Obese,Normal,Young,0.047619047619047616,47.29259259259259,1
3,111.0,56.0,39.0,102.5,30.1,0.557,30,0,Obese,Normal,Middle,0.1,28.09259259259259,1
2,114.0,68.0,22.0,102.5,28.7,0.09468,25,0,Overweight,Normal,Young,0.08,28.85185185185185,0
1,193.0,50.0,16.0,375.0,25.9,0.655,24,0,Overweight,Prediabetes,Young,0.041666666666666664,178.7037037037037,1
11,155.0,76.0,28.0,150.0,33.3,1.353,51,1,Obese,Prediabetes,Senior,0.21568627450980393,57.407407407407405,3
3,191.0,68.0,15.0,130.0,30.9,0.299,34,0,Obese,Prediabetes,Middle,0.08823529411764706,61.30864197530864,2
3,141.0,74.5,32.0,169.5,30.0,0.761,27,1,Obese,Prediabetes,Young,0.1111111111111111,59.01111111111111,2
4,95.0,70.0,32.0,102.5,32.1,0.612,24,0,Obese,Normal,Young,0.16666666666666666,24.04320987654321,1
3,142.0,80.0,15.0,102.5,32.4,0.2,63,0,Obese,Prediabetes,Senior,0.047619047619047616,35.93827160493827,3
4,123.0,62.0,32.0,169.5,32.0,0.226,35,1,Obese,Normal,Middle,0.11428571428571428,51.477777777777774,1
5,96.0,74.0,18.0,67.0,33.6,0.997,43,0,Obese,Normal,Middle,0.11627906976744186,15.881481481481481,1
0,138.0,74.5,32.0,169.5,36.3,0.933,25,1,Obese,Normal,Young,0.0,57.75555555555555,1
2,128.0,64.0,42.0,102.5,40.0,1.101,24,0,Obese,Normal,Young,0.08333333333333333,32.39506172839506,1
0,102.0,52.0,27.0,102.5,25.1,0.09468,21,0,Overweight,Normal,Young,0.0,25.814814814814813,0
2,146.0,74.5,32.0,169.5,27.5,0.24,28,1,Overweight,Prediabetes,Young,0.07142857142857142,61.1037037037037,1
10,101.0,86.0,37.0,169.5,45.6,1.136,38,1,Obese,Normal,Middle,0.2631578947368421,42.27037037037037,2
2,108.0,62.0,32.0,56.0,25.2,0.128,21,0,Overweight,Normal,Young,0.09523809523809523,14.933333333333334,0
3,122.0,78.0,27.0,102.5,23.0,0.254,40,0,Normal,Normal,Middle,0.075,30.876543209876544,0
1,71.0,78.0,50.0,45.0,33.2,0.422,21,0,Obese,Normal,Young,0.047619047619047616,7.888888888888889,1
13,106.0,70.0,27.0,102.5,34.2,0.251,52,0,Obese,Normal,Senior,0.25,26.82716049382716,2
2,100.0,70.0,51.33000000000004,57.0,40.5,0.677,25,0,Obese,Normal,Young,0.08,14.074074074074074,1
7,106.0,60.0,24.0,169.5,26.5,0.296,29,1,Overweight,Normal,Young,0.2413793103448276,44.36296296296296,0
0,104.0,64.0,23.0,116.0,27.8,0.454,23,0,Overweight,Normal,Young,0.0,29.787654320987656,0
5,114.0,74.0,27.0,102.5,24.9,0.744,57,0,Normal,Normal,Senior,0.08771929824561403,28.85185185185185,1
2,108.0,62.0,10.0,278.0,25.3,0.881,22,0,Overweight,Normal,Young,0.09090909090909091,74.13333333333334,0
0,146.0,70.0,32.0,169.5,37.9,0.334,28,1,Obese,Prediabetes,Young,0.0,61.1037037037037,2
10,129.0,76.0,28.0,122.0,35.9,0.28,39,0,Obese,Normal,Middle,0.2564102564102564,38.85925925925926,1
7,133.0,88.0,15.0,155.0,32.4,0.262,37,0,Obese,Normal,Middle,0.1891891891891892,50.901234567901234,2
7,161.0,86.0,32.0,169.5,30.4,0.165,47,1,Obese,Prediabetes,Middle,0.14893617021276595,67.38148148148149,4
2,108.0,80.0,32.0,169.5,27.0,0.259,52,1,Overweight,Normal,Senior,0.038461538461538464,45.2,1
7,136.0,74.0,26.0,135.0,26.0,0.647,51,0,Overweight,Normal,Senior,0.13725490196078433,45.333333333333336,1
5,155.0,84.0,44.0,519.9000000000012,38.7,0.619,34,0,Obese,Prediabetes,Middle,0.14705882352941177,198.97407407407454,2
1,119.0,86.0,39.0,220.0,45.6,0.808,29,1,Obese,Normal,Young,0.034482758620689655,64.64197530864197,2
4,96.0,56.0,17.0,49.0,20.8,0.34,26,0,Normal,Normal,Young,0.15384615384615385,11.614814814814816,0
5,108.0,72.0,43.0,75.0,36.1,0.263,33,0,Obese,Normal,Middle,0.15151515151515152,20.0,1
0,78.0,88.0,29.0,40.0,36.9,0.434,21,0,Obese,Normal,Young,0.0,7.703703703703703,2
0,107.0,62.0,30.0,74.0,36.6,0.757,25,1,Obese,Normal,Young,0.0,19.55061728395062,1
2,128.0,78.0,37.0,182.0,43.3,1.224,31,1,Obese,Normal,Middle,0.06451612903225806,57.52098765432099,1
1,128.0,48.0,45.0,194.0,40.5,0.613,24,1,Obese,Normal,Young,0.041666666666666664,61.31358024691358,1
0,161.0,50.0,27.0,102.5,21.9,0.254,65,0,Normal,Prediabetes,Senior,0.0,40.74691358024691,2
6,151.0,62.0,31.0,120.0,35.5,0.692,28,0,Obese,Prediabetes,Young,0.21428571428571427,44.74074074074074,2
2,146.0,70.0,38.0,360.0,28.0,0.337,29,1,Overweight,Prediabetes,Young,0.06896551724137931,129.77777777777777,1
0,126.0,84.0,29.0,215.0,30.7,0.52,24,0,Obese,Normal,Young,0.0,66.88888888888889,1
14,100.0,78.0,25.0,184.0,36.6,0.412,46,1,Obese,Normal,Middle,0.30434782608695654,45.4320987654321,2
8,112.0,72.0,27.0,102.5,23.6,0.84,58,0,Normal,Normal,Senior,0.13793103448275862,28.34567901234568,1
0,167.0,74.5,32.0,169.5,32.3,0.839,30,1,Obese,Prediabetes,Middle,0.0,69.89259259259259,2
2,144.0,58.0,33.0,135.0,31.6,0.422,25,1,Obese,Prediabetes,Young,0.08,48.0,2
5,77.0,82.0,41.0,42.0,35.8,0.156,35,0,Obese,Normal,Middle,0.14285714285714285,7.985185185185185,1
5,115.0,98.0,32.0,169.5,50.75900000000009,0.209,28,1,Obese,Normal,Young,0.17857142857142858,48.129629629629626,2
3,150.0,76.0,27.0,102.5,21.0,0.207,37,0,Normal,Prediabetes,Middle,0.08108108108108109,37.96296296296296,1
2,120.0,76.0,37.0,105.0,39.7,0.215,29,0,Obese,Normal,Young,0.06896551724137931,31.11111111111111,1
10,161.0,68.0,23.0,132.0,25.5,0.326,47,1,Overweight,Prediabetes,Middle,0.2127659574468085,52.474074074074075,2
0,137.0,68.0,14.0,148.0,24.8,0.143,21,0,Normal,Normal,Young,0.0,50.0641975308642,0
0,128.0,68.0,19.0,180.0,30.5,1.391,25,1,Obese,Normal,Young,0.0,56.888888888888886,1
2,124.0,68.0,28.0,205.0,32.9,0.875,30,1,Obese,Normal,Middle,0.06666666666666667,62.76543209876543,1
6,80.0,66.0,30.0,102.5,26.2,0.313,41,0,Overweight,Normal,Middle,0.14634146341463414,20.246913580246915,0
0,106.0,70.0,37.0,148.0,39.4,0.605,22,0,Obese,Normal,Young,0.0,38.735802469135805,1
2,155.0,74.0,17.0,96.0,26.6,0.433,27,1,Overweight,Prediabetes,Young,0.07407407407407407,36.74074074074074,1
3,113.0,50.0,10.0,85.0,29.5,0.626,25,0,Overweight,Normal,Young,0.12,23.71604938271605,0
7,109.0,80.0,31.0,169.5,35.9,1.127,43,1,Obese,Normal,Middle,0.16279069767441862,45.61851851851852,1
2,112.0,68.0,22.0,94.0,34.1,0.315,26,0,Obese,Normal,Young,0.07692307692307693,25.99506172839506,1
3,99.0,80.0,11.0,64.0,19.5,0.284,30,0,Normal,Normal,Middle,0.1,15.644444444444444,0
3,182.0,74.0,32.0,169.5,30.5,0.345,29,1,Obese,Prediabetes,Young,0.10344827586206896,76.17037037037036,2
3,115.0,66.0,39.0,140.0,38.1,0.15,28,0,Obese,Normal,Young,0.10714285714285714,39.75308641975309,1
6,194.0,78.0,32.0,169.5,23.5,0.129,59,1,Normal,Prediabetes,Senior,0.1016949152542373,81.19259259259259,2
4,129.0,60.0,12.0,231.0,27.5,0.527,31,0,Overweight,Normal,Middle,0.12903225806451613,73.57777777777778,0
3,112.0,74.0,30.0,169.5,31.6,0.197,25,1,Obese,Normal,Young,0.12,46.87407407407407,1
0,124.0,70.0,20.0,169.5,27.4,0.254,36,1,Overweight,Normal,Middle,0.0,51.8962962962963,0
13,152.0,90.0,33.0,29.0,26.8,0.731,43,1,Overweight,Prediabetes,Middle,0.3023255813953488,10.88395061728395,2
2,112.0,75.0,32.0,102.5,35.7,0.148,21,0,Obese,Normal,Young,0.09523809523809523,28.34567901234568,1
1,157.0,72.0,21.0,168.0,25.6,0.123,24,0,Overweight,Prediabetes,Young,0.041666666666666664,65.12592592592593,1
1,122.0,64.0,32.0,156.0,35.1,0.692,30,1,Obese,Normal,Middle,0.03333333333333333,46.992592592592594,1
10,179.0,70.0,27.0,102.5,35.1,0.2,37,0,Obese,Prediabetes,Middle,0.2702702702702703,45.30246913580247,2
2,102.0,86.0,36.0,120.0,45.5,0.127,23,1,Obese,Normal,Young,0.08695652173913043,30.22222222222222,2
6,105.0,70.0,32.0,68.0,30.8,0.122,37,0,Obese,Normal,Middle,0.16216216216216217,17.62962962962963,1
8,118.0,72.0,19.0,102.5,23.1,1.476,46,0,Normal,Normal,Middle,0.17391304347826086,29.864197530864196,1
2,87.0,58.0,16.0,52.0,32.7,0.166,25,0,Obese,Normal,Young,0.08,11.170370370370371,1
1,180.0,74.5,32.0,169.5,43.3,0.282,41,1,Obese,Prediabetes,Middle,0.024390243902439025,75.33333333333333,2
12,106.0,80.0,27.0,102.5,23.6,0.137,44,0,Normal,Normal,Middle,0.2727272727272727,26.82716049382716,0
1,95.0,60.0,18.0,58.0,23.9,0.26,22,0,Normal,Normal,Young,0.045454545454545456,13.604938271604938,0
0,165.0,76.0,43.0,255.0,47.9,0.259,26,0,Obese,Prediabetes,Young,0.0,103.88888888888889,2
0,117.0,70.0,27.0,102.5,33.8,0.932,44,0,Obese,Normal,Middle,0.0,29.61111111111111,1
5,115.0,76.0,32.0,169.5,31.2,0.343,44,1,Obese,Normal,Middle,0.11363636363636363,48.129629629629626,1
9,152.0,78.0,34.0,171.0,34.2,0.893,33,1,Obese,Prediabetes,Middle,0.2727272727272727,64.17777777777778,2
7,178.0,84.0,32.0,169.5,39.9,0.331,41,1,Obese,Prediabetes,Middle,0.17073170731707318,74.4962962962963,2
1,130.0,70.0,13.0,105.0,25.9,0.472,22,0,Overweight,Normal,Young,0.045454545454545456,33.7037037037037,0
1,95.0,74.0,21.0,73.0,25.9,0.673,36,0,Overweight,Normal,Middle,0.027777777777777776,17.123456790123456,0
1,107.0,68.0,35.0,102.5,32.0,0.389,22,0,Obese,Normal,Young,0.045454545454545456,27.080246913580247,1
5,122.0,86.0,27.0,102.5,34.7,0.29,33,0,Obese,Normal,Middle,0.15151515151515152,30.876543209876544,2
8,95.0,72.0,27.0,102.5,36.8,0.485,57,0,Obese,Normal,Senior,0.14035087719298245,24.04320987654321,2
8,126.0,88.0,36.0,108.0,38.5,0.349,49,0,Obese,Normal,Middle,0.16326530612244897,33.6,3
1,139.0,46.0,19.0,83.0,28.7,0.654,22,0,Overweight,Normal,Young,0.045454545454545456,28.48641975308642,0
3,116.0,70.0,27.0,102.5,23.5,0.187,23,0,Normal,Normal,Young,0.13043478260869565,29.358024691358025,0
3,99.0,62.0,19.0,74.0,21.8,0.279,26,0,Normal,Normal,Young,0.11538461538461539,18.08888888888889,0
5,140.0,80.0,32.0,169.5,41.0,0.346,37,1,Obese,Prediabetes,Middle,0.13513513513513514,58.592592592592595,2
4,92.0,80.0,27.0,102.5,42.2,0.237,29,0,Obese,Normal,Young,0.13793103448275862,23.28395061728395,1
4,137.0,84.0,27.0,102.5,31.2,0.252,30,0,Obese,Normal,Middle,0.13333333333333333,34.67283950617284,1
3,67.67,82.0,28.0,102.5,34.4,0.243,46,0,Obese,Normal,Middle,0.06521739130434782,17.12635802469136,2
1,90.0,62.0,12.0,43.0,27.2,0.58,24,0,Overweight,Normal,Young,0.041666666666666664,9.555555555555555,0
3,90.0,78.0,27.0,102.5,42.7,0.559,21,0,Obese,Normal,Young,0.14285714285714285,22.77777777777778,1
9,165.0,88.0,32.0,169.5,30.4,0.302,49,1,Obese,Prediabetes,Middle,0.1836734693877551,69.05555555555556,4
1,125.0,50.0,40.0,167.0,33.3,0.962,28,1,Obese,Normal,Young,0.03571428571428571,51.54320987654321,1
13,129.0,74.5,30.0,169.5,39.9,0.569,44,1,Obese,Normal,Middle,0.29545454545454547,53.98888888888889,1
12,88.0,74.0,40.0,54.0,35.3,0.378,48,0,Obese,Normal,Middle,0.25,11.733333333333333,2
1,196.0,76.0,36.0,249.0,36.5,0.875,29,1,Obese,Prediabetes,Young,0.034482758620689655,120.5037037037037,2
5,189.0,64.0,33.0,325.0,31.2,0.583,29,1,Obese,Prediabetes,Young,0.1724137931034483,151.66666666666666,2
5,158.0,70.0,27.0,102.5,29.8,0.207,63,0,Overweight,Prediabetes,Senior,0.07936507936507936,39.98765432098765,2
5,103.0,106.0,37.0,102.5,39.2,0.305,65,0,Obese,Normal,Senior,0.07692307692307693,26.067901234567902,3
4,146.0,78.0,32.0,169.5,38.5,0.52,67,1,Obese,Prediabetes,Senior,0.05970149253731343,61.1037037037037,3
4,147.0,74.0,25.0,293.0,34.9,0.385,30,0,Obese,Prediabetes,Middle,0.13333333333333333,106.34814814814816,2
5,99.0,54.0,28.0,83.0,34.0,0.499,30,0,Obese,Normal,Middle,0.16666666666666666,20.288888888888888,1
6,124.0,72.0,32.0,169.5,27.6,0.368,29,1,Overweight,Normal,Young,0.20689655172413793,51.8962962962963,0
0,101.0,64.0,17.0,102.5,21.0,0.252,21,0,Normal,Normal,Young,0.0,25.561728395061728,0
3,81.0,86.0,16.0,66.0,27.5,0.306,22,0,Overweight,Normal,Young,0.13636363636363635,13.2,1
1,133.0,102.0,28.0,140.0,32.8,0.234,45,1,Obese,Normal,Middle,0.022222222222222223,45.97530864197531,3
3,173.0,82.0,48.0,465.0,38.4,1.6983300000000001,25,1,Obese,Prediabetes,Young,0.12,198.62962962962962,2
0,118.0,64.0,23.0,89.0,30.1,1.6983300000000001,21,0,Obese,Normal,Young,0.0,25.930864197530862,1
0,84.0,64.0,22.0,66.0,35.8,0.545,21,0,Obese,Normal,Young,0.0,13.688888888888888,1
2,105.0,58.0,40.0,94.0,34.9,0.225,25,0,Obese,Normal,Young,0.08,24.37037037037037,1
2,122.0,52.0,43.0,158.0,36.2,0.816,28,0,Obese,Normal,Young,0.07142857142857142,47.59506172839506,1
12,140.0,82.0,43.0,325.0,39.2,0.528,58,1,Obese,Prediabetes,Senior,0.20689655172413793,112.34567901234568,3
0,98.0,82.0,15.0,84.0,25.2,0.299,22,0,Overweight,Normal,Young,0.0,20.325925925925926,0
1,87.0,60.0,37.0,75.0,37.2,0.509,22,0,Obese,Normal,Young,0.045454545454545456,16.11111111111111,1
4,156.0,75.0,32.0,169.5,48.3,0.238,32,1,Obese,Prediabetes,Middle,0.125,65.28888888888889,2
0,93.0,100.0,39.0,72.0,43.4,1.021,35,0,Obese,Normal,Middle,0.0,16.533333333333335,2
1,107.0,72.0,30.0,82.0,30.8,0.821,24,0,Obese,Normal,Young,0.041666666666666664,21.664197530864197,1
0,105.0,68.0,22.0,102.5,20.0,0.236,22,0,Normal,Normal,Young,0.0,26.574074074074073,0
1,109.0,60.0,10.0,182.0,25.4,0.947,21,0,Overweight,Normal,Young,0.047619047619047616,48.98271604938272,0
1,90.0,62.0,18.0,59.0,25.1,1.268,25,0,Overweight,Normal,Young,0.04,13.11111111111111,0
1,125.0,70.0,24.0,110.0,24.3,0.221,25,0,Normal,Normal,Young,0.04,33.95061728395062,0
1,119.0,54.0,13.0,50.0,22.3,0.205,24,0,Normal,Normal,Young,0.041666666666666664,14.691358024691358,0
5,116.0,74.0,29.0,169.5,32.3,0.66,35,1,Obese,Normal,Middle,0.14285714285714285,48.54814814814815,1
8,105.0,100.0,36.0,169.5,43.3,0.239,45,1,Obese,Normal,Middle,0.17777777777777778,43.94444444444444,3
5,144.0,82.0,26.0,285.0,32.0,0.452,58,1,Obese,Prediabetes,Senior,0.08620689655172414,101.33333333333333,3
3,100.0,68.0,23.0,81.0,31.6,0.949,28,0,Obese,Normal,Young,0.10714285714285714,20.0,1
1,100.0,66.0,29.0,196.0,32.0,0.444,42,0,Obese,Normal,Middle,0.023809523809523808,48.39506172839506,1
5,166.0,76.0,32.0,169.5,45.7,0.34,27,1,Obese,Prediabetes,Young,0.18518518518518517,69.47407407407407,2
1,131.0,64.0,14.0,415.0,23.7,0.389,21,0,Normal,Normal,Young,0.047619047619047616,134.23456790123456,0
4,116.0,72.0,12.0,87.0,22.1,0.463,37,0,Normal,Normal,Middle,0.10810810810810811,24.918518518518518,0
4,158.0,78.0,32.0,169.5,32.9,0.803,31,1,Obese,Prediabetes,Middle,0.12903225806451613,66.12592592592593,2
2,127.0,58.0,24.0,275.0,27.7,1.6,25,0,Overweight,Normal,Young,0.08,86.23456790123457,0
3,96.0,56.0,34.0,115.0,24.7,0.944,39,0,Normal,Normal,Middle,0.07692307692307693,27.25925925925926,0
0,131.0,66.0,40.0,169.5,34.3,0.196,22,1,Obese,Normal,Young,0.0,54.82592592592592,1
3,82.0,70.0,27.0,102.5,21.1,0.389,25,0,Normal,Normal,Young,0.12,20.753086419753085,0
3,193.0,70.0,31.0,169.5,34.9,0.241,25,1,Obese,Prediabetes,Young,0.12,80.77407407407408,2
4,95.0,64.0,32.0,169.5,32.0,0.161,31,1,Obese,Normal,Middle,0.12903225806451613,39.75925925925926,1
6,137.0,61.0,27.0,102.5,24.2,0.151,55,0,Normal,Normal,Senior,0.10909090909090909,34.67283950617284,1
5,136.0,84.0,41.0,88.0,35.0,0.286,35,1,Obese,Normal,Middle,0.14285714285714285,29.55061728395062,1
9,72.0,78.0,25.0,102.5,31.6,0.28,38,0,Obese,Normal,Middle,0.23684210526315788,18.22222222222222,1
5,168.0,64.0,32.0,169.5,32.9,0.135,41,1,Obese,Prediabetes,Middle,0.12195121951219512,70.31111111111112,2
2,123.0,48.0,32.0,165.0,42.1,0.52,26,0,Obese,Normal,Young,0.07692307692307693,50.111111111111114,1
4,115.0,72.0,32.0,169.5,28.9,0.376,46,1,Overweight,Normal,Middle,0.08695652173913043,48.129629629629626,1
0,101.0,62.0,27.0,102.5,21.9,0.336,25,0,Normal,Normal,Young,0.0,25.561728395061728,0
8,196.0,74.0,32.0,169.5,25.9,1.191,39,1,Overweight,Prediabetes,Middle,0.20512820512820512,82.02962962962962,1
1,172.0,68.0,49.0,519.9000000000012,42.4,0.702,28,1,Obese,Prediabetes,Young,0.03571428571428571,220.79703703703754,2
6,102.0,90.0,39.0,102.5,35.7,0.674,28,0,Obese,Normal,Young,0.21428571428571427,25.814814814814813,2
1,112.0,72.0,30.0,176.0,34.4,0.528,25,0,Obese,Normal,Young,0.04,48.67160493827161,1
1,143.0,84.0,23.0,310.0,42.4,1.076,22,0,Obese,Prediabetes,Young,0.045454545454545456,109.45679012345678,2
1,143.0,74.0,22.0,61.0,26.2,0.256,21,0,Overweight,Prediabetes,Young,0.047619047619047616,21.53827160493827,1
0,138.0,60.0,35.0,167.0,34.6,0.534,21,1,Obese,Normal,Young,0.0,56.903703703703705,1
3,173.0,84.0,33.0,474.0,35.7,0.258,22,1,Obese,Prediabetes,Young,0.13636363636363635,202.47407407407408,2
1,97.0,68.0,21.0,102.5,27.2,1.095,22,0,Overweight,Normal,Young,0.045454545454545456,24.549382716049383,0
4,144.0,82.0,32.0,169.5,38.5,0.554,37,1,Obese,Prediabetes,Middle,0.10810810810810811,60.266666666666666,2
1,83.0,68.0,27.0,102.5,19.5,0.624,27,0,Normal,Normal,Young,0.037037037037037035,21.006172839506174,0
3,129.0,64.0,29.0,115.0,26.4,0.219,28,1,Overweight,Normal,Young,0.10714285714285714,36.629629629629626,0
1,119.0,88.0,41.0,170.0,45.3,0.507,26,0,Obese,Normal,Young,0.038461538461538464,49.95061728395062,2
2,94.0,68.0,18.0,76.0,26.0,0.561,21,0,Overweight,Normal,Young,0.09523809523809523,17.639506172839507,0
0,102.0,64.0,46.0,78.0,40.6,0.496,21,0,Obese,Normal,Young,0.0,19.644444444444446,1
2,115.0,64.0,22.0,102.5,30.8,0.421,21,0,Obese,Normal,Young,0.09523809523809523,29.104938271604937,1
8,151.0,78.0,32.0,210.0,42.9,0.516,36,1,Obese,Prediabetes,Middle,0.2222222222222222,78.29629629629629,2
4,184.0,78.0,39.0,277.0,37.0,0.264,31,1,Obese,Prediabetes,Middle,0.12903225806451613,125.84691358024692,2
0,94.0,70.0,27.0,102.5,30.1,0.256,25,0,Obese,Normal,Young,0.0,23.790123456790123,1
1,181.0,64.0,30.0,180.0,34.1,0.328,38,1,Obese,Prediabetes,Middle,0.02631578947368421,80.44444444444444,2
0,135.0,94.0,46.0,145.0,40.6,0.284,26,0,Obese,Normal,Young,0.0,48.333333333333336,2
1,95.0,82.0,25.0,180.0,35.0,0.233,43,1,Obese,Normal,Middle,0.023255813953488372,42.22222222222222,1
2,99.0,70.0,27.0,102.5,22.2,0.108,23,0,Normal,Normal,Young,0.08695652173913043,25.055555555555557,0
3,89.0,74.0,16.0,85.0,30.4,0.551,38,0,Obese,Normal,Middle,0.07894736842105263,18.679012345679013,1
1,80.0,74.0,11.0,60.0,30.0,0.527,22,0,Obese,Normal,Young,0.045454545454545456,11.851851851851851,1
2,139.0,75.0,27.0,102.5,25.6,0.167,29,0,Overweight,Normal,Young,0.06896551724137931,35.17901234567901,0
1,90.0,68.0,10.0,102.5,24.5,1.138,36,0,Normal,Normal,Middle,0.027777777777777776,22.77777777777778,0
0,141.0,74.5,32.0,169.5,42.4,0.205,29,1,Obese,Prediabetes,Young,0.0,59.01111111111111,2
12,140.0,85.0,33.0,102.5,37.4,0.244,41,0,Obese,Prediabetes,Middle,0.2926829268292683,35.4320987654321,3
5,147.0,75.0,27.0,102.5,29.9,0.434,28,0,Overweight,Prediabetes,Young,0.17857142857142858,37.2037037037037,1
1,97.0,70.0,15.0,102.5,19.5,0.147,21,0,Normal,Normal,Young,0.047619047619047616,24.549382716049383,0
6,107.0,88.0,27.0,102.5,36.8,0.727,31,0,Obese,Normal,Middle,0.1935483870967742,27.080246913580247,2
0,189.0,104.0,25.0,169.5,34.3,0.435,41,1,Obese,Prediabetes,Middle,0.0,79.1,3
2,83.0,66.0,23.0,50.0,32.2,0.497,22,0,Obese,Normal,Young,0.09090909090909091,10.246913580246913,1
4,117.0,64.0,27.0,120.0,33.2,0.23,24,0,Obese,Normal,Young,0.16666666666666666,34.666666666666664,1
8,108.0,70.0,32.0,169.5,30.5,0.955,33,1,Obese,Normal,Middle,0.24242424242424243,45.2,1
4,117.0,62.0,12.0,169.5,29.7,0.38,30,1,Overweight,Normal,Middle,0.13333333333333333,48.96666666666667,0
0,180.0,78.0,51.33000000000004,24.34,50.75900000000009,1.6983300000000001,25,1,Obese,Prediabetes,Young,0.0,10.817777777777778,2
1,100.0,72.0,12.0,70.0,25.3,0.658,28,0,Overweight,Normal,Young,0.03571428571428571,17.28395061728395,0
0,95.0,80.0,45.0,92.0,36.5,0.33,26,0,Obese,Normal,Young,0.0,21.580246913580247,1
0,104.0,64.0,37.0,64.0,33.6,0.51,22,1,Obese,Normal,Young,0.0,16.43456790123457,1
0,120.0,74.0,18.0,63.0,30.5,0.285,26,0,Obese,Normal,Young,0.0,18.666666666666668,1
1,82.0,64.0,13.0,95.0,21.2,0.415,23,0,Normal,Normal,Young,0.043478260869565216,19.234567901234566,0
2,134.0,70.0,32.0,169.5,28.9,0.542,23,1,Overweight,Normal,Young,0.08695652173913043,56.08148148148148,0
0,91.0,68.0,32.0,210.0,39.9,0.381,25,0,Obese,Normal,Young,0.0,47.18518518518518,1
2,119.0,70.0,27.0,102.5,19.6,0.832,67,0,Normal,Normal,Senior,0.029850746268656716,30.117283950617285,1
2,100.0,54.0,28.0,105.0,37.8,0.498,24,0,Obese,Normal,Young,0.08333333333333333,25.925925925925927,1
14,175.0,62.0,30.0,169.5,33.6,0.212,38,1,Obese,Prediabetes,Middle,0.3684210526315789,73.24074074074075,2
1,135.0,54.0,27.0,102.5,26.7,0.687,62,0,Overweight,Normal,Senior,0.016129032258064516,34.166666666666664,1
5,86.0,68.0,28.0,71.0,30.2,0.364,24,0,Obese,Normal,Young,0.20833333333333334,15.076543209876544,1
10,148.0,84.0,48.0,237.0,37.6,1.001,51,1,Obese,Prediabetes,Senior,0.19607843137254902,86.60740740740741,3
9,134.0,74.0,33.0,60.0,25.9,0.46,67,0,Overweight,Normal,Senior,0.13432835820895522,19.85185185185185,1
9,120.0,72.0,22.0,56.0,20.8,0.733,48,0,Normal,Normal,Middle,0.1875,16.59259259259259,1
1,71.0,62.0,27.0,102.5,21.8,0.416,26,0,Normal,Normal,Young,0.038461538461538464,17.969135802469136,0
8,74.0,70.0,40.0,49.0,35.3,0.705,39,0,Obese,Normal,Middle,0.20512820512820512,8.953086419753086,1
5,88.0,78.0,30.0,102.5,27.6,0.258,37,0,Overweight,Normal,Middle,0.13513513513513514,22.271604938271604,0
10,115.0,98.0,27.0,102.5,24.0,1.022,34,0,Normal,Normal,Middle,0.29411764705882354,29.104938271604937,1
0,124.0,56.0,13.0,105.0,21.8,0.452,21,0,Normal,Normal,Young,0.0,32.148148148148145,0
0,74.0,52.0,10.0,36.0,27.8,0.269,22,0,Overweight,Normal,Young,0.0,6.5777777777777775,0
0,97.0,64.0,36.0,100.0,36.8,0.6,25,0,Obese,Normal,Young,0.0,23.950617283950617,1
8,120.0,74.5,32.0,169.5,30.0,0.183,38,1,Obese,Normal,Middle,0.21052631578947367,50.22222222222222,1
6,154.0,78.0,41.0,140.0,46.1,0.571,27,0,Obese,Prediabetes,Young,0.2222222222222222,53.23456790123457,2
1,144.0,82.0,40.0,102.5,41.3,0.607,28,0,Obese,Prediabetes,Young,0.03571428571428571,36.44444444444444,2
0,137.0,70.0,38.0,102.5,33.2,0.17,22,0,Obese,Normal,Young,0.0,34.67283950617284,1
0,119.0,66.0,27.0,102.5,38.8,0.259,22,0,Obese,Normal,Young,0.0,30.117283950617285,1
7,136.0,90.0,27.0,102.5,29.9,0.21,50,0,Overweight,Normal,Senior,0.14,34.41975308641975,2
4,114.0,64.0,27.0,102.5,28.9,0.126,24,0,Overweight,Normal,Young,0.16666666666666666,28.85185185185185,0
0,137.0,84.0,27.0,102.5,27.3,0.231,59,0,Overweight,Normal,Senior,0.0,34.67283950617284,1
2,105.0,80.0,45.0,191.0,33.7,0.711,29,1,Obese,Normal,Young,0.06896551724137931,49.51851851851852,1
7,114.0,76.0,17.0,110.0,23.8,0.466,31,0,Normal,Normal,Middle,0.22580645161290322,30.962962962962962,0
8,126.0,74.0,38.0,75.0,25.9,0.162,39,0,Overweight,Normal,Middle,0.20512820512820512,23.333333333333332,0
4,132.0,86.0,31.0,102.5,28.0,0.419,63,0,Overweight,Normal,Senior,0.06349206349206349,33.407407407407405,2
3,158.0,70.0,30.0,328.0,35.5,0.344,35,1,Obese,Prediabetes,Middle,0.08571428571428572,127.96049382716049,2
0,123.0,88.0,37.0,102.5,35.2,0.197,29,0,Obese,Normal,Young,0.0,31.12962962962963,2
4,85.0,58.0,22.0,49.0,27.8,0.306,28,0,Overweight,Normal,Young,0.14285714285714285,10.283950617283951,0
0,84.0,82.0,31.0,125.0,38.2,0.233,23,0,Obese,Normal,Young,0.0,25.925925925925927,1
0,145.0,74.5,32.0,169.5,44.2,0.63,31,1,Obese,Prediabetes,Middle,0.0,60.68518518518518,2
0,135.0,68.0,42.0,250.0,42.3,0.365,24,1,Obese,Normal,Young,0.0,83.33333333333333,1
1,139.0,62.0,41.0,480.0,40.7,0.536,21,0,Obese,Normal,Young,0.047619047619047616,164.74074074074073,1
0,173.0,78.0,32.0,265.0,46.5,1.159,58,0,Obese,Prediabetes,Senior,0.0,113.19753086419753,3
4,99.0,72.0,17.0,102.5,25.6,0.294,28,0,Overweight,Normal,Young,0.14285714285714285,25.055555555555557,0
8,194.0,80.0,27.0,102.5,26.1,0.551,67,0,Overweight,Prediabetes,Senior,0.11940298507462686,49.098765432098766,2
2,83.0,65.0,28.0,66.0,36.8,0.629,24,0,Obese,Normal,Young,0.08333333333333333,13.525925925925925,1
2,89.0,90.0,30.0,102.5,33.5,0.292,42,0,Obese,Normal,Middle,0.047619047619047616,22.52469135802469,2
4,99.0,68.0,38.0,102.5,32.8,0.145,33,0,Obese,Normal,Middle,0.12121212121212122,25.055555555555557,1
4,125.0,70.0,18.0,122.0,28.9,1.144,45,1,Overweight,Normal,Middle,0.08888888888888889,37.65432098765432,1
3,80.0,70.0,27.0,102.5,30.1,0.174,22,0,Obese,Normal,Young,0.13636363636363635,20.246913580246915,1
6,166.0,74.0,27.0,102.5,26.6,0.304,66,0,Overweight,Prediabetes,Senior,0.09090909090909091,42.01234567901235,2
5,110.0,68.0,27.0,102.5,26.0,0.292,30,0,Overweight,Normal,Middle,0.16666666666666666,27.839506172839506,0
2,81.0,72.0,15.0,76.0,30.1,0.547,25,0,Obese,Normal,Young,0.08,15.2,1
7,195.0,70.0,33.0,145.0,25.1,0.163,55,1,Overweight,Prediabetes,Senior,0.12727272727272726,69.81481481481481,2
6,154.0,74.0,32.0,193.0,29.3,0.839,39,0,Overweight,Prediabetes,Middle,0.15384615384615385,73.38765432098765,1
2,117.0,90.0,19.0,71.0,25.2,0.313,21,0,Overweight,Normal,Young,0.09523809523809523,20.511111111111113,1
3,84.0,72.0,32.0,102.5,37.2,0.267,28,0,Obese,Normal,Young,0.10714285714285714,21.25925925925926,1
6,140.0,68.0,41.0,169.5,39.0,0.727,41,1,Obese,Prediabetes,Middle,0.14634146341463414,58.592592592592595,2
7,94.0,64.0,25.0,79.0,33.3,0.738,41,0,Obese,Normal,Middle,0.17073170731707318,18.335802469135803,1
3,96.0,78.0,39.0,102.5,37.3,0.238,40,0,Obese,Normal,Middle,0.075,24.296296296296298,1
10,75.0,82.0,27.0,102.5,33.3,0.263,38,0,Obese,Normal,Middle,0.2631578947368421,18.98148148148148,1
0,180.0,90.0,26.0,90.0,36.5,0.314,35,1,Obese,Prediabetes,Middle,0.0,40.0,3
1,130.0,60.0,23.0,170.0,28.6,0.692,21,0,Overweight,Normal,Young,0.047619047619047616,54.5679012345679,0
2,84.0,50.0,23.0,76.0,30.4,0.968,21,0,Obese,Normal,Young,0.09523809523809523,15.762962962962963,1
8,120.0,78.0,27.0,102.5,25.0,0.409,64,0,Overweight,Normal,Senior,0.125,30.37037037037037,1
12,84.0,72.0,31.0,169.5,29.7,0.297,46,1,Overweight,Normal,Middle,0.2608695652173913,35.15555555555556,1
0,139.0,62.0,17.0,210.0,22.1,0.207,21,0,Normal,Normal,Young,0.0,72.07407407407408,0
9,91.0,68.0,27.0,102.5,24.2,0.2,58,0,Normal,Normal,Senior,0.15517241379310345,23.030864197530864,1
2,91.0,62.0,27.0,102.5,27.3,0.525,22,0,Overweight,Normal,Young,0.09090909090909091,23.030864197530864,0
3,99.0,54.0,19.0,86.0,25.6,0.154,24,0,Overweight,Normal,Young,0.125,21.022222222222222,0
3,163.0,70.0,18.0,105.0,31.6,0.268,28,1,Obese,Prediabetes,Young,0.10714285714285714,42.25925925925926,2
9,145.0,88.0,34.0,165.0,30.3,0.771,53,1,Obese,Prediabetes,Senior,0.16981132075471697,59.074074074074076,4
7,125.0,86.0,27.0,102.5,37.6,0.304,51,0,Obese,Normal,Senior,0.13725490196078433,31.635802469135804,3
13,76.0,60.0,27.0,102.5,32.8,0.18,41,0,Obese,Normal,Middle,0.3170731707317073,19.234567901234566,1
6,129.0,90.0,10.0,326.0,19.6,0.582,60,0,Normal,Normal,Senior,0.1,103.83703703703704,2
2,68.0,70.0,32.0,66.0,25.0,0.187,25,0,Overweight,Normal,Young,0.08,11.08148148148148,0
3,124.0,80.0,33.0,130.0,33.2,0.305,26,0,Obese,Normal,Young,0.11538461538461539,39.80246913580247,1
6,114.0,70.0,27.0,102.5,30.1,0.189,26,0,Obese,Normal,Young,0.23076923076923078,28.85185185185185,1
9,130.0,70.0,32.0,169.5,34.2,0.652,45,1,Obese,Normal,Middle,0.2,54.407407407407405,2
3,125.0,58.0,27.0,102.5,31.6,0.151,24,0,Obese,Normal,Young,0.125,31.635802469135804,1
3,87.0,60.0,18.0,102.5,21.8,0.444,21,0,Normal,Normal,Young,0.14285714285714285,22.01851851851852,0
1,97.0,64.0,19.0,82.0,19.5,0.299,21,0,Normal,Normal,Young,0.047619047619047616,19.639506172839507,0
3,116.0,74.0,15.0,105.0,26.3,0.107,24,0,Overweight,Normal,Young,0.125,30.074074074074073,0
0,117.0,66.0,31.0,188.0,30.8,0.493,22,0,Obese,Normal,Young,0.0,54.31111111111111,1
0,111.0,65.0,27.0,102.5,24.6,0.66,31,0,Normal,Normal,Middle,0.0,28.09259259259259,0
2,122.0,60.0,18.0,106.0,29.8,0.717,22,0,Overweight,Normal,Young,0.09090909090909091,31.930864197530862,0
0,107.0,76.0,27.0,102.5,45.3,0.686,24,0,Obese,Normal,Young,0.0,27.080246913580247,1
1,86.0,66.0,51.33000000000004,65.0,41.3,0.917,29,0,Obese,Normal,Young,0.034482758620689655,13.802469135802468,1
6,91.0,70.0,27.0,102.5,29.8,0.501,31,0,Overweight,Normal,Middle,0.1935483870967742,23.030864197530864,0
1,77.0,56.0,30.0,56.0,33.3,1.251,24,0,Obese,Normal,Young,0.041666666666666664,10.646913580246913,1
4,132.0,74.5,32.0,169.5,32.9,0.302,23,1,Obese,Normal,Young,0.17391304347826086,55.24444444444445,1
0,105.0,90.0,27.0,102.5,29.6,0.197,46,0,Overweight,Normal,Middle,0.0,26.574074074074073,2
0,67.67,60.0,27.0,102.5,21.7,0.735,67,0,Normal,Normal,Senior,0.0,17.12635802469136,1
0,127.0,80.0,37.0,210.0,36.3,0.804,23,0,Obese,Normal,Young,0.0,65.85185185185185,1
3,129.0,92.0,49.0,155.0,36.4,0.968,32,1,Obese,Normal,Middle,0.09375,49.370370370370374,2
8,100.0,74.0,40.0,215.0,39.4,0.661,43,1,Obese,Normal,Middle,0.18604651162790697,53.08641975308642,1
3,128.0,72.0,25.0,190.0,32.4,0.549,27,1,Obese,Normal,Young,0.1111111111111111,60.04938271604938,1
10,90.0,85.0,32.0,169.5,34.9,0.825,56,1,Obese,Normal,Senior,0.17857142857142858,37.666666666666664,3
4,84.0,90.0,23.0,56.0,39.5,0.159,25,0,Obese,Normal,Young,0.16,11.614814814814816,2
1,88.0,78.0,29.0,76.0,32.0,0.365,29,0,Obese,Normal,Young,0.034482758620689655,16.51358024691358,1
8,186.0,90.0,35.0,225.0,34.5,0.423,37,1,Obese,Prediabetes,Middle,0.21621621621621623,103.33333333333333,3
5,187.0,76.0,27.0,207.0,43.6,1.034,53,1,Obese,Prediabetes,Senior,0.09433962264150944,95.57777777777778,3
4,131.0,68.0,21.0,166.0,33.1,0.16,28,0,Obese,Normal,Young,0.14285714285714285,53.693827160493825,1
1,164.0,82.0,43.0,67.0,32.8,0.341,50,0,Obese,Prediabetes,Senior,0.02,27.130864197530865,3
4,189.0,106.0,31.0,102.5,28.5,0.68,37,0,Overweight,Prediabetes,Middle,0.10810810810810811,47.833333333333336,2
1,116.0,70.0,28.0,102.5,27.4,0.204,21,0,Overweight,Normal,Young,0.047619047619047616,29.358024691358025,0
3,84.0,68.0,30.0,106.0,31.9,0.591,25,0,Obese,Normal,Young,0.12,21.985185185185184,1
6,114.0,88.0,27.0,102.5,27.8,0.247,66,0,Overweight,Normal,Senior,0.09090909090909091,28.85185185185185,2
1,88.0,62.0,24.0,44.0,29.9,0.422,23,0,Overweight,Normal,Young,0.043478260869565216,9.560493827160494,0
1,84.0,64.0,23.0,115.0,36.9,0.471,28,0,Obese,Normal,Young,0.03571428571428571,23.85185185185185,1
7,124.0,70.0,33.0,215.0,25.5,0.161,37,0,Overweight,Normal,Middle,0.1891891891891892,65.82716049382717,0
1,97.0,70.0,40.0,102.5,38.1,0.218,30,0,Obese,Normal,Middle,0.03333333333333333,24.549382716049383,1
8,110.0,76.0,27.0,102.5,27.8,0.237,58,0,Overweight,Normal,Senior,0.13793103448275862,27.839506172839506,1
11,103.0,68.0,40.0,102.5,46.2,0.126,42,0,Obese,Normal,Middle,0.2619047619047619,26.067901234567902,1
11,85.0,74.0,27.0,102.5,30.1,0.3,35,0,Obese,Normal,Middle,0.3142857142857143,21.512345679012345,1
6,125.0,76.0,32.0,169.5,33.8,0.121,54,1,Obese,Normal,Senior,0.1111111111111111,52.31481481481482,2
0,196.0,66.0,32.0,274.0,41.3,0.502,28,1,Obese,Prediabetes,Young,0.0,132.60246913580247,2
1,87.0,68.0,34.0,77.0,37.6,0.401,24,0,Obese,Normal,Young,0.041666666666666664,16.54074074074074,1
6,99.0,60.0,19.0,54.0,26.9,0.497,32,0,Overweight,Normal,Middle,0.1875,13.2,0
0,91.0,80.0,27.0,102.5,32.4,0.601,27,0,Obese,Normal,Young,0.0,23.030864197530864,1
2,95.0,54.0,14.0,88.0,26.1,0.748,22,0,Overweight,Normal,Young,0.09090909090909091,20.641975308641975,0
1,99.0,72.0,30.0,24.34,38.6,0.412,21,0,Obese,Normal,Young,0.047619047619047616,5.949777777777777,1
6,92.0,62.0,32.0,126.0,32.0,0.09468,46,0,Obese,Normal,Middle,0.13043478260869565,28.622222222222224,2
4,154.0,72.0,29.0,126.0,31.3,0.338,37,0,Obese,Prediabetes,Middle,0.10810810810810811,47.91111111111111,2
0,121.0,66.0,30.0,165.0,34.3,0.203,33,1,Obese,Normal,Middle,0.0,49.2962962962963,1
3,78.0,70.0,27.0,102.5,32.5,0.27,39,0,Obese,Normal,Middle,0.07692307692307693,19.74074074074074,1
2,130.0,96.0,27.0,102.5,22.6,0.268,21,0,Normal,Normal,Young,0.09523809523809523,32.901234567901234,1
3,111.0,58.0,31.0,44.0,29.5,0.43,22,0,Overweight,Normal,Young,0.13636363636363635,12.059259259259258,0
2,98.0,60.0,17.0,120.0,34.7,0.198,22,0,Obese,Normal,Young,0.09090909090909091,29.037037037037038,1
1,143.0,86.0,30.0,330.0,30.1,0.892,23,0,Obese,Prediabetes,Young,0.043478260869565216,116.51851851851852,3
1,119.0,44.0,47.0,63.0,35.5,0.28,25,0,Obese,Normal,Young,0.04,18.511111111111113,1
6,108.0,44.0,20.0,130.0,24.0,0.813,35,0,Normal,Normal,Middle,0.17142857142857143,34.666666666666664,0
2,118.0,80.0,32.0,169.5,42.9,0.693,21,1,Obese,Normal,Young,0.09523809523809523,49.385185185185186,1
10,133.0,68.0,27.0,102.5,27.0,0.245,36,0,Overweight,Normal,Middle,0.2777777777777778,33.660493827160494,0
2,196.0,70.0,51.33000000000004,169.5,34.7,0.575,62,1,Obese,Prediabetes,Senior,0.03225806451612903,82.02962962962962,3
0,151.0,90.0,46.0,169.5,42.1,0.371,21,1,Obese,Prediabetes,Young,0.0,63.196296296296296,3
6,109.0,60.0,27.0,102.5,25.0,0.206,27,0,Overweight,Normal,Young,0.2222222222222222,27.58641975308642,0
12,121.0,78.0,17.0,102.5,26.5,0.259,62,0,Overweight,Normal,Senior,0.1935483870967742,30.623456790123456,1
8,100.0,76.0,27.0,102.5,38.7,0.19,42,0,Obese,Normal,Middle,0.19047619047619047,25.308641975308642,1
8,124.0,76.0,24.0,519.9000000000012,28.7,0.687,52,1,Overweight,Normal,Senior,0.15384615384615385,159.17925925925962,1
1,93.0,56.0,11.0,102.5,22.5,0.417,22,0,Normal,Normal,Young,0.045454545454545456,23.537037037037038,0
8,143.0,66.0,32.0,169.5,34.9,0.129,41,1,Obese,Prediabetes,Middle,0.1951219512195122,59.84814814814815,2
6,103.0,66.0,27.0,102.5,24.3,0.249,29,0,Normal,Normal,Young,0.20689655172413793,26.067901234567902,0
3,176.0,86.0,27.0,156.0,33.3,1.154,52,1,Obese,Prediabetes,Senior,0.057692307692307696,67.7925925925926,4
0,73.0,70.0,27.0,102.5,21.1,0.342,25,0,Normal,Normal,Young,0.0,18.47530864197531,0
11,111.0,84.0,40.0,169.5,46.8,0.925,45,1,Obese,Normal,Middle,0.24444444444444444,46.455555555555556,2
2,112.0,78.0,50.0,140.0,39.4,0.175,24,0,Obese,Normal,Young,0.08333333333333333,38.71604938271605,1
3,132.0,80.0,32.0,169.5,34.4,0.402,44,1,Obese,Normal,Middle,0.06818181818181818,55.24444444444445,1
2,82.0,52.0,22.0,115.0,28.5,1.6983300000000001,25,0,Overweight,Normal,Young,0.08,23.28395061728395,0
6,123.0,72.0,45.0,230.0,33.6,0.733,34,0,Obese,Normal,Middle,0.17647058823529413,69.85185185185185,1
0,188.0,82.0,14.0,185.0,32.0,0.682,22,1,Obese,Prediabetes,Young,0.0,85.87654320987654,2
0,67.67,76.0,27.0,102.5,45.3,0.194,46,0,Obese,Normal,Middle,0.0,17.12635802469136,2
1,89.0,44.0,19.0,25.0,27.8,0.559,21,0,Overweight,Normal,Young,0.047619047619047616,5.493827160493828,0
1,173.0,74.0,32.0,169.5,36.8,0.09468,38,1,Obese,Prediabetes,Middle,0.02631578947368421,72.4037037037037,2
1,109.0,44.0,18.0,120.0,23.1,0.407,26,0,Normal,Normal,Young,0.038461538461538464,32.2962962962963,0
1,108.0,88.0,19.0,102.5,27.1,0.4,24,0,Overweight,Normal,Young,0.041666666666666664,27.333333333333332,1
6,96.0,70.0,27.0,102.5,23.7,0.19,28,0,Normal,Normal,Young,0.21428571428571427,24.296296296296298,0
1,124.0,74.0,36.0,102.5,27.8,0.1,30,0,Overweight,Normal,Middle,0.03333333333333333,31.382716049382715,0
7,150.0,78.0,29.0,126.0,35.2,0.692,54,1,Obese,Prediabetes,Senior,0.12962962962962962,46.666666666666664,3
4,183.0,74.5,32.0,169.5,28.4,0.212,36,1,Overweight,Prediabetes,Middle,0.1111111111111111,76.58888888888889,1
1,124.0,60.0,32.0,102.5,35.8,0.514,21,0,Obese,Normal,Young,0.047619047619047616,31.382716049382715,1
1,181.0,78.0,42.0,293.0,40.0,1.258,22,1,Obese,Prediabetes,Young,0.045454545454545456,130.9456790123457,2
1,92.0,62.0,25.0,41.0,19.5,0.482,25,0,Normal,Normal,Young,0.04,9.313580246913581,0
0,152.0,82.0,39.0,272.0,41.5,0.27,27,0,Obese,Prediabetes,Young,0.0,102.08395061728395,2
1,111.0,62.0,13.0,182.0,24.0,0.138,23,0,Normal,Normal,Young,0.043478260869565216,49.88148148148148,0
3,106.0,54.0,21.0,158.0,30.9,0.292,24,0,Obese,Normal,Young,0.125,41.35308641975308,1
3,174.0,58.0,22.0,194.0,32.9,0.593,36,1,Obese,Prediabetes,Middle,0.08333333333333333,83.34814814814816,2
7,168.0,88.0,42.0,321.0,38.2,0.787,40,1,Obese,Prediabetes,Middle,0.175,133.15555555555557,3
6,105.0,80.0,28.0,102.5,32.5,0.878,26,0,Obese,Normal,Young,0.23076923076923078,26.574074074074073,1
11,138.0,74.0,26.0,144.0,36.1,0.557,50,1,Obese,Normal,Senior,0.22,49.06666666666667,2
3,106.0,72.0,27.0,102.5,25.8,0.207,27,0,Overweight,Normal,Young,0.1111111111111111,26.82716049382716,0
6,117.0,96.0,27.0,102.5,28.7,0.157,30,0,Overweight,Normal,Middle,0.2,29.61111111111111,1
2,68.0,62.0,13.0,24.34,20.1,0.257,23,0,Normal,Normal,Young,0.08695652173913043,4.086716049382716,0
9,112.0,82.0,24.0,169.5,28.2,1.282,50,1,Overweight,Normal,Senior,0.18,46.87407407407407,1
0,119.0,74.5,32.0,169.5,32.4,0.141,24,1,Obese,Normal,Young,0.0,49.803703703703704,1
2,112.0,86.0,42.0,160.0,38.4,0.246,28,0,Obese,Normal,Young,0.07142857142857142,44.24691358024691,2
2,92.0,76.0,20.0,102.5,24.2,1.698,28,0,Normal,Normal,Young,0.07142857142857142,23.28395061728395,0
6,183.0,94.0,27.0,102.5,40.8,1.461,45,0,Obese,Prediabetes,Middle,0.13333333333333333,46.31481481481482,4
0,94.0,70.0,27.0,115.0,43.5,0.347,21,0,Obese,Normal,Young,0.0,26.691358024691358,1
2,108.0,64.0,27.0,102.5,30.8,0.158,21,0,Obese,Normal,Young,0.09523809523809523,27.333333333333332,1
4,90.0,88.0,47.0,54.0,37.7,0.362,29,0,Obese,Normal,Young,0.13793103448275862,12.0,2
0,125.0,68.0,27.0,102.5,24.7,0.206,21,0,Normal,Normal,Young,0.0,31.635802469135804,0
0,132.0,78.0,27.0,102.5,32.4,0.393,21,0,Obese,Normal,Young,0.0,33.407407407407405,1
5,128.0,80.0,27.0,102.5,34.6,0.144,45,0,Obese,Normal,Middle,0.1111111111111111,32.39506172839506,2
4,94.0,65.0,22.0,102.5,24.7,0.148,21,0,Normal,Normal,Young,0.19047619047619047,23.790123456790123,0
7,114.0,64.0,32.0,169.5,27.4,0.732,34,1,Overweight,Normal,Middle,0.20588235294117646,47.71111111111111,0
0,102.0,78.0,40.0,90.0,34.5,0.238,24,0,Obese,Normal,Young,0.0,22.666666666666668,1
2,111.0,60.0,27.0,102.5,26.2,0.343,23,0,Overweight,Normal,Young,0.08695652173913043,28.09259259259259,0
1,128.0,82.0,17.0,183.0,27.5,0.115,22,0,Overweight,Normal,Young,0.045454545454545456,57.837037037037035,0
10,92.0,62.0,27.0,102.5,25.9,0.167,31,0,Overweight,Normal,Middle,0.3225806451612903,23.28395061728395,0
13,104.0,72.0,32.0,169.5,31.2,0.465,38,1,Obese,Normal,Middle,0.34210526315789475,43.525925925925925,1
5,104.0,74.0,27.0,102.5,28.8,0.153,48,0,Overweight,Normal,Middle,0.10416666666666667,26.320987654320987,1
2,94.0,76.0,18.0,66.0,31.6,0.649,23,0,Obese,Normal,Young,0.08695652173913043,15.318518518518518,1
7,97.0,76.0,32.0,91.0,40.9,0.871,32,1,Obese,Normal,Middle,0.21875,21.795061728395062,1
1,100.0,74.0,12.0,46.0,19.5,0.149,28,0,Normal,Normal,Young,0.03571428571428571,11.358024691358025,0
0,102.0,86.0,17.0,105.0,29.3,0.695,27,0,Overweight,Normal,Young,0.0,26.444444444444443,1
4,128.0,70.0,27.0,102.5,34.3,0.303,24,0,Obese,Normal,Young,0.16666666666666666,32.39506172839506,1
6,147.0,80.0,32.0,169.5,29.5,0.178,50,1,Overweight,Prediabetes,Senior,0.12,61.522222222222226,2
4,90.0,70.0,27.0,102.5,28.0,0.61,31,0,Overweight,Normal,Middle,0.12903225806451613,22.77777777777778,0
3,103.0,72.0,30.0,152.0,27.6,0.73,27,0,Overweight,Normal,Young,0.1111111111111111,38.65679012345679,0
2,157.0,74.0,35.0,440.0,39.4,0.134,30,0,Obese,Prediabetes,Middle,0.06666666666666667,170.5679012345679,2
1,167.0,74.0,17.0,144.0,23.4,0.447,33,1,Normal,Prediabetes,Middle,0.030303030303030304,59.37777777777778,1
0,179.0,50.0,36.0,159.0,37.8,0.455,22,1,Obese,Prediabetes,Young,0.0,70.27407407407408,2
11,136.0,84.0,35.0,130.0,28.3,0.26,42,1,Overweight,Normal,Middle,0.2619047619047619,43.65432098765432,0
0,107.0,60.0,25.0,102.5,26.4,0.133,23,0,Overweight,Normal,Young,0.0,27.080246913580247,0
1,91.0,54.0,25.0,100.0,25.2,0.234,23,0,Overweight,Normal,Young,0.043478260869565216,22.469135802469136,0
1,117.0,60.0,23.0,106.0,33.8,0.466,27,0,Obese,Normal,Young,0.037037037037037035,30.622222222222224,1
5,123.0,74.0,40.0,77.0,34.1,0.269,28,0,Obese,Normal,Young,0.17857142857142858,23.385185185185186,1
2,120.0,54.0,27.0,102.5,26.8,0.455,27,0,Overweight,Normal,Young,0.07407407407407407,30.37037037037037,0
1,106.0,70.0,28.0,135.0,34.2,0.142,22,0,Obese,Normal,Young,0.045454545454545456,35.333333333333336,1
2,155.0,52.0,27.0,519.9000000000012,38.7,0.24,25,1,Obese,Prediabetes,Young,0.08,198.97407407407454,2
2,101.0,58.0,35.0,90.0,21.8,0.155,22,0,Normal,Normal,Young,0.09090909090909091,22.444444444444443,0
1,120.0,80.0,48.0,200.0,38.9,1.162,41,0,Obese,Normal,Middle,0.024390243902439025,59.25925925925926,1
11,127.0,106.0,27.0,102.5,39.0,0.19,51,0,Obese,Normal,Senior,0.21568627450980393,32.141975308641975,3
3,80.0,82.0,31.0,70.0,34.2,1.292,27,1,Obese,Normal,Young,0.1111111111111111,13.82716049382716,1
10,162.0,84.0,27.0,102.5,27.7,0.182,54,0,Overweight,Prediabetes,Senior,0.18518518518518517,41.0,2
1,196.0,76.0,43.0,169.5,42.9,1.394,22,1,Obese,Prediabetes,Young,0.045454545454545456,82.02962962962962,2
8,167.0,106.0,46.0,231.0,37.6,0.165,43,1,Obese,Prediabetes,Middle,0.18604651162790697,95.25185185185185,3
9,145.0,80.0,46.0,130.0,37.9,0.637,40,1,Obese,Prediabetes,Middle,0.225,46.54320987654321,2
6,115.0,60.0,39.0,169.5,33.7,0.245,40,1,Obese,Normal,Middle,0.15,48.129629629629626,1
1,112.0,80.0,45.0,132.0,34.8,0.217,24,0,Obese,Normal,Young,0.041666666666666664,36.50370370370371,1
4,145.0,82.0,18.0,169.5,32.5,0.235,67,1,Obese,Prediabetes,Senior,0.05970149253731343,60.68518518518518,3
10,111.0,70.0,27.0,169.5,27.5,0.141,40,1,Overweight,Normal,Middle,0.25,46.455555555555556,0
6,98.0,58.0,33.0,190.0,34.0,0.43,43,0,Obese,Normal,Middle,0.13953488372093023,45.97530864197531,1
9,154.0,78.0,30.0,100.0,30.9,0.164,45,0,Obese,Prediabetes,Middle,0.2,38.02469135802469,3
6,165.0,68.0,26.0,168.0,33.6,0.631,49,0,Obese,Prediabetes,Middle,0.12244897959183673,68.44444444444444,3
1,99.0,58.0,10.0,102.5,25.4,0.551,21,0,Overweight,Normal,Young,0.047619047619047616,25.055555555555557,0
10,68.0,106.0,23.0,49.0,35.5,0.285,47,0,Obese,Normal,Middle,0.2127659574468085,8.22716049382716,3
3,123.0,100.0,35.0,240.0,50.75900000000009,0.88,22,0,Obese,Normal,Young,0.13636363636363635,72.88888888888889,2
8,91.0,82.0,27.0,102.5,35.6,0.587,67,0,Obese,Normal,Senior,0.11940298507462686,23.030864197530864,2
6,195.0,70.0,32.0,169.5,30.9,0.328,31,1,Obese,Prediabetes,Middle,0.1935483870967742,81.61111111111111,2
9,156.0,86.0,32.0,169.5,24.8,0.23,53,1,Normal,Prediabetes,Senior,0.16981132075471697,65.28888888888889,3
0,93.0,60.0,27.0,102.5,35.3,0.263,25,0,Obese,Normal,Young,0.0,23.537037037037038,1
3,121.0,52.0,32.0,169.5,36.0,0.127,25,1,Obese,Normal,Young,0.12,50.64074074074074,1
2,101.0,58.0,17.0,265.0,24.2,0.614,23,0,Normal,Normal,Young,0.08695652173913043,66.08641975308642,0
2,67.67,56.0,28.0,45.0,24.2,0.332,22,0,Normal,Normal,Young,0.09090909090909091,7.518888888888889,0
0,162.0,76.0,36.0,169.5,49.6,0.364,26,1,Obese,Prediabetes,Young,0.0,67.8,2
0,95.0,64.0,39.0,105.0,44.6,0.366,22,0,Obese,Normal,Young,0.0,24.62962962962963,1
4,125.0,80.0,32.0,169.5,32.3,0.536,27,1,Obese,Normal,Young,0.14814814814814814,52.31481481481482,1
5,136.0,82.0,27.0,102.5,30.1,0.64,67,0,Obese,Normal,Senior,0.07462686567164178,34.41975308641975,2
2,129.0,74.0,26.0,205.0,33.2,0.591,25,0,Obese,Normal,Young,0.08,65.29629629629629,1
3,130.0,64.0,27.0,102.5,23.1,0.314,22,0,Normal,Normal,Young,0.13636363636363635,32.901234567901234,0
1,107.0,50.0,19.0,102.5,28.3,0.181,29,0,Overweight,Normal,Young,0.034482758620689655,27.080246913580247,0
1,140.0,74.0,26.0,180.0,24.1,0.828,23,0,Normal,Prediabetes,Young,0.043478260869565216,62.22222222222222,1
1,144.0,82.0,46.0,180.0,46.1,0.335,46,1,Obese,Prediabetes,Middle,0.021739130434782608,64.0,3
8,107.0,80.0,27.0,102.5,24.6,0.856,34,0,Normal,Normal,Middle,0.23529411764705882,27.080246913580247,0
13,158.0,106.0,32.0,169.5,42.3,0.257,44,1,Obese,Prediabetes,Middle,0.29545454545454547,66.12592592592593,3
2,121.0,70.0,32.0,95.0,39.1,0.886,23,0,Obese,Normal,Young,0.08695652173913043,28.382716049382715,1
7,129.0,68.0,49.0,125.0,38.5,0.439,43,1,Obese,Normal,Middle,0.16279069767441862,39.81481481481482,1
2,90.0,60.0,27.0,102.5,23.5,0.191,25,0,Normal,Normal,Young,0.08,22.77777777777778,0
7,142.0,90.0,24.0,480.0,30.4,0.128,43,1,Obese,Prediabetes,Middle,0.16279069767441862,168.2962962962963,3
3,169.0,74.0,19.0,125.0,29.9,0.268,31,1,Overweight,Prediabetes,Middle,0.0967741935483871,52.160493827160494,1
0,99.0,70.0,27.0,102.5,25.0,0.253,22,0,Overweight,Normal,Young,0.0,25.055555555555557,0
4,127.0,88.0,11.0,155.0,34.5,0.598,28,0,Obese,Normal,Young,0.14285714285714285,48.60493827160494,2
4,118.0,70.0,27.0,102.5,44.5,0.904,26,0,Obese,Normal,Young,0.15384615384615385,29.864197530864196,1
2,122.0,76.0,27.0,200.0,35.9,0.483,26,0,Obese,Normal,Young,0.07692307692307693,60.24691358024691,1
6,125.0,78.0,31.0,169.5,27.6,0.565,49,1,Overweight,Normal,Middle,0.12244897959183673,52.31481481481482,1
1,168.0,88.0,29.0,169.5,35.0,0.905,52,1,Obese,Prediabetes,Senior,0.019230769230769232,70.31111111111112,4
2,129.0,70.0,27.0,102.5,38.5,0.304,41,0,Obese,Normal,Middle,0.04878048780487805,32.648148148148145,1
4,110.0,76.0,20.0,100.0,28.4,0.118,27,0,Overweight,Normal,Young,0.14814814814814814,27.160493827160494,0
6,80.0,80.0,36.0,102.5,39.8,0.177,28,0,Obese,Normal,Young,0.21428571428571427,20.246913580246915,1
10,115.0,74.5,32.0,169.5,34.3,0.261,30,1,Obese,Normal,Middle,0.3333333333333333,48.129629629629626,1
2,127.0,46.0,21.0,335.0,34.4,0.176,22,0,Obese,Normal,Young,0.09090909090909091,105.04938271604938,1
9,164.0,78.0,32.0,169.5,32.8,0.148,45,1,Obese,Prediabetes,Middle,0.2,68.63703703703703,3
2,93.0,64.0,32.0,160.0,38.0,0.674,23,1,Obese,Normal,Young,0.08695652173913043,36.74074074074074,1
3,158.0,64.0,13.0,387.0,31.2,0.295,24,0,Obese,Prediabetes,Young,0.125,150.9777777777778,2
5,126.0,78.0,27.0,24.34,29.6,0.439,40,0,Overweight,Normal,Middle,0.125,7.572444444444445,0
10,129.0,62.0,36.0,169.5,41.2,0.441,38,1,Obese,Normal,Middle,0.2631578947368421,53.98888888888889,1
0,134.0,58.0,20.0,291.0,26.4,0.352,21,0,Overweight,Normal,Young,0.0,96.28148148148148,0
3,102.0,74.0,27.0,102.5,29.5,0.121,32,0,Overweight,Normal,Middle,0.09375,25.814814814814813,0
7,187.0,50.0,33.0,392.0,33.9,0.826,34,1,Obese,Prediabetes,Middle,0.20588235294117646,180.99753086419753,2
3,173.0,78.0,39.0,185.0,33.8,0.97,31,1,Obese,Prediabetes,Middle,0.0967741935483871,79.0246913580247,2
10,94.0,72.0,18.0,102.5,23.1,0.595,56,0,Normal,Normal,Senior,0.17857142857142858,23.790123456790123,1
1,108.0,60.0,46.0,178.0,35.5,0.415,24,0,Obese,Normal,Young,0.041666666666666664,47.46666666666667,1
5,97.0,76.0,27.0,169.5,35.6,0.378,52,1,Obese,Normal,Senior,0.09615384615384616,40.596296296296295,2
4,83.0,86.0,19.0,102.5,29.3,0.317,34,0,Overweight,Normal,Middle,0.11764705882352941,21.006172839506174,1
1,114.0,66.0,36.0,200.0,38.1,0.289,21,0,Obese,Normal,Young,0.047619047619047616,56.2962962962963,1
1,149.0,68.0,29.0,127.0,29.3,0.349,42,1,Overweight,Prediabetes,Middle,0.023809523809523808,46.72345679012346,1
5,117.0,86.0,30.0,105.0,39.1,0.251,42,0,Obese,Normal,Middle,0.11904761904761904,30.333333333333332,2
1,111.0,94.0,27.0,102.5,32.8,0.265,45,0,Obese,Normal,Middle,0.022222222222222223,28.09259259259259,3
4,112.0,78.0,40.0,102.5,39.4,0.236,38,0,Obese,Normal,Middle,0.10526315789473684,28.34567901234568,1
1,116.0,78.0,29.0,180.0,36.1,0.496,25,0,Obese,Normal,Young,0.04,51.55555555555556,1
0,141.0,84.0,26.0,102.5,32.4,0.433,22,0,Obese,Prediabetes,Young,0.0,35.68518518518518,2
2,175.0,88.0,27.0,102.5,22.9,0.326,22,0,Normal,Prediabetes,Young,0.09090909090909091,44.29012345679013,2
2,92.0,52.0,27.0,102.5,30.1,0.141,22,0,Obese,Normal,Young,0.09090909090909091,23.28395061728395,1
3,130.0,78.0,23.0,79.0,28.4,0.323,34,1,Overweight,Normal,Middle,0.08823529411764706,25.358024691358025,0
8,120.0,86.0,32.0,169.5,28.4,0.259,22,1,Overweight,Normal,Young,0.36363636363636365,50.22222222222222,1
2,174.0,88.0,37.0,120.0,44.5,0.646,24,1,Obese,Prediabetes,Young,0.08333333333333333,51.55555555555556,3
2,106.0,56.0,27.0,165.0,29.0,0.426,22,0,Overweight,Normal,Young,0.09090909090909091,43.18518518518518,0
2,105.0,75.0,27.0,102.5,23.3,0.56,53,0,Normal,Normal,Senior,0.03773584905660377,26.574074074074073,1
4,95.0,60.0,32.0,102.5,35.4,0.284,28,0,Obese,Normal,Young,0.14285714285714285,24.04320987654321,1
0,126.0,86.0,27.0,120.0,27.4,0.515,21,0,Overweight,Normal,Young,0.0,37.333333333333336,1
8,67.67,72.0,23.0,102.5,32.0,0.6,42,0,Obese,Normal,Middle,0.19047619047619047,17.12635802469136,1
2,99.0,60.0,17.0,160.0,36.6,0.453,21,0,Obese,Normal,Young,0.09523809523809523,39.111111111111114,1
1,102.0,74.0,32.0,169.5,39.5,0.293,42,1,Obese,Normal,Middle,0.023809523809523808,42.68888888888889,1
11,120.0,80.0,37.0,150.0,42.3,0.785,48,1,Obese,Normal,Middle,0.22916666666666666,44.44444444444444,2
3,102.0,44.0,20.0,94.0,30.8,0.4,26,0,Obese,Normal,Young,0.11538461538461539,23.674074074074074,1
1,109.0,58.0,18.0,116.0,28.5,0.219,22,0,Overweight,Normal,Young,0.045454545454545456,31.219753086419754,0
9,140.0,94.0,32.0,169.5,32.7,0.734,45,1,Obese,Prediabetes,Middle,0.2,58.592592592592595,4
13,153.0,88.0,37.0,140.0,40.6,1.174,39,0,Obese,Prediabetes,Middle,0.3333333333333333,52.888888888888886,3
12,100.0,84.0,33.0,105.0,30.0,0.488,46,0,Obese,Normal,Middle,0.2608695652173913,25.925925925925927,2
1,147.0,94.0,41.0,169.5,49.3,0.358,27,1,Obese,Prediabetes,Young,0.037037037037037035,61.522222222222226,3
1,81.0,74.0,41.0,57.0,46.3,1.096,32,0,Obese,Normal,Middle,0.03125,11.4,1
3,187.0,70.0,22.0,200.0,36.4,0.408,36,1,Obese,Prediabetes,Middle,0.08333333333333333,92.34567901234568,2
6,162.0,62.0,32.0,169.5,24.3,0.178,50,1,Normal,Prediabetes,Senior,0.12,67.8,2
4,136.0,70.0,32.0,169.5,31.2,1.182,22,1,Obese,Normal,Young,0.18181818181818182,56.91851851851852,1
1,121.0,78.0,39.0,74.0,39.0,0.261,28,0,Obese,Normal,Young,0.03571428571428571,22.108641975308643,1
3,108.0,62.0,24.0,102.5,26.0,0.223,25,0,Overweight,Normal,Young,0.12,27.333333333333332,0
0,181.0,88.0,44.0,510.0,43.3,0.222,26,1,Obese,Prediabetes,Young,0.0,227.92592592592592,3
8,154.0,78.0,32.0,169.5,32.4,0.443,45,1,Obese,Prediabetes,Middle,0.17777777777777778,64.45185185185186,3
1,128.0,88.0,39.0,110.0,36.5,1.057,37,1,Obese,Normal,Middle,0.02702702702702703,34.76543209876543,2
7,137.0,90.0,41.0,102.5,32.0,0.391,39,0,Obese,Normal,Middle,0.1794871794871795,34.67283950617284,2
0,123.0,72.0,32.0,169.5,36.3,0.258,52,1,Obese,Normal,Senior,0.0,51.477777777777774,2
1,106.0,76.0,27.0,102.5,37.5,0.197,26,0,Obese,Normal,Young,0.038461538461538464,26.82716049382716,1
6,190.0,92.0,32.0,169.5,35.5,0.278,66,1,Obese,Prediabetes,Senior,0.09090909090909091,79.51851851851852,4
2,88.0,58.0,26.0,24.34,28.4,0.766,22,0,Overweight,Normal,Young,0.09090909090909091,5.288691358024692,0
9,170.0,74.0,31.0,169.5,44.0,0.403,43,1,Obese,Prediabetes,Middle,0.20930232558139536,71.14814814814815,2
9,89.0,62.0,27.0,102.5,22.5,0.142,33,0,Normal,Normal,Middle,0.2727272727272727,22.52469135802469,0
10,101.0,76.0,48.0,180.0,32.9,0.171,63,0,Obese,Normal,Senior,0.15873015873015872,44.888888888888886,2
2,122.0,70.0,27.0,102.5,36.8,0.34,27,0,Obese,Normal,Young,0.07407407407407407,30.876543209876544,1
5,121.0,72.0,23.0,112.0,26.2,0.245,30,0,Overweight,Normal,Middle,0.16666666666666666,33.461728395061726,0
1,126.0,60.0,32.0,169.5,30.1,0.349,47,1,Obese,Normal,Middle,0.02127659574468085,52.733333333333334,2
1,93.0,70.0,31.0,102.5,30.4,0.315,23,0,Obese,Normal,Young,0.043478260869565216,23.537037037037038,1
